learning_rate,learning_rate_energy,lamb_ortho,Loss_Orthogonality,Loss_DE,Loss_Energy        
1.1826268359215671e-05,0.0015565315432741547,552.8960311524253,0.0167087335139513,0.029299777001142505,0.008687257766723633
0.00012356910761126397,0.013647166163530709,158.36052011305742,0.015470639802515508,0.0046778032556176186,0.0004916191101074219
7.233736399477126e-05,0.5188997987837493,101.96741777715974,0.01524614542722702,0.003638533875346184,0.00043336552334949374
0.0010869017807309718,0.0026130302656197013,1037.9974921207136,0.01613449677824974,0.02263148687779903,0.007084846496582031
0.0017969167656947962,0.47772722872098594,1513.9693037496045,0.016270779073238373,0.031941112130880356,0.010384798049926758
0.0019277030996129737,1.7784041606615252e-05,4347.461142701532,0.01632368192076683,0.9467540979385376,0.6323950886726379
0.00144032629223006,2.8251459200907098e-05,3383.7968071529453,0.016233747825026512,0.874964714050293,0.6155111789703369
0.0010001359584998653,3.0454799278280084e-05,900.5489025316296,0.015691809356212616,0.826801061630249,0.6075806021690369
0.047486536154076935,0.0002360294077561156,870.8487916066488,0.011631950736045836,29.95860290527344,0.6289747953414917
0.002333384795704043,0.0007581718959545743,757.0964176302244,0.016053181141614914,0.02575366571545601,0.00804758071899414
0.203703810347426,0.6405729594051365,193.76553739903977,0.998924434185028,0.4252097606658935,0.2396180629730225
0.000529174670835416,0.0015999720764812897,2502.5125138863204,0.01648765057325363,0.02849189192056656,0.010650953277945518
0.0005227803078560807,0.12684741565760468,6181.827575479532,0.0171806663274765,0.060192614793777466,0.02591308020055294
0.0003733720705927456,0.00011261074495351858,1965.1088322504445,0.015941256657242775,0.4800994396209717,0.4586687684059143
0.002112522485355853,0.0013159676540700075,1131.951709554413,0.016160795465111732,0.030684836208820343,0.01163498591631651
0.00517792189718367,0.1969698935985858,216.92836946648225,0.015293844044208528,0.005872631445527077,0.007273276802152395
0.8786963075747506,0.00012475781793755238,1890.885590008373,0.9855328798294068,1.011347770690918,0.6665835380554199
5.6020035260056616e-05,0.05229335006813998,1257.677738331153,0.01632262021303177,0.021479923278093335,0.002855062484741211
0.06749384860099698,0.42615485422838906,2565.9602983671216,0.01049963105469942,166024.546875,0.6042182445526123
0.005176391449576046,0.011416048708999729,421.3264728419887,0.015297845005989076,0.0453462116420269,0.03390638157725334
0.04839680938504267,0.00011368781509595736,4195.585408341027,0.01114846020936966,731.8489379882812,0.6468104124069214
0.0005660934455203199,0.011598537204615615,6919.309338596881,0.017254609614610672,0.06695913523435593,0.02886541746556759
0.000326900695317159,0.00039604962172436,1994.6066867630748,0.016037750989198685,0.04204054176807403,0.1062784194946289
0.0032447191956569885,0.42761829390339007,143.65656180074822,0.01546964142471552,0.00569137604907155,0.001652320264838636
0.0007617115898770649,0.08552746902908946,3363.304068441994,0.016893021762371063,0.05312086269259453,0.02170507237315178
1.350979684265134e-05,0.016709512531840637,168.78299351849728,0.016196798533201218,0.019474416971206665,0.0025610129814594984
0.0006246547048118952,0.02818821222777831,550.0055374126861,0.015962669625878334,0.014147109352052212,0.002133449073880911
0.13397220883234795,0.00011189315522397788,3269.0514793316097,0.9995238184928894,0.005391233135014772,0.6665921211242676
2.7951631900700575e-05,1.381646457873996e-05,177.89190896802546,0.015467509627342224,0.9158031940460204,0.63959801197052
0.09440990368798542,9.845863875827194e-05,371.1919650365761,0.9996040463447572,0.004053544253110886,0.6666010618209839
0.45544006899763,0.0010208017050151862,471.2436469117329,0.980208694934845,6.334525108337402,0.665986180305481
0.000699450333270702,0.0039560307778901006,434.9343933275273,0.015915172174572945,0.013204343616962433,0.002046346664428711
0.007790538342543035,0.007822203096774002,605.6579446410753,0.01256707776337862,5.991069316864014,0.4063705801963806
0.007603214352524263,0.005110282395458534,4136.054281222293,0.015878794714808464,0.3552897572517395,0.0868678092956543
0.09609320914935654,0.03832927447120969,719.2016295835715,0.9996338486671448,0.005384350195527077,0.6411138772964478
0.0004280928127169073,0.00014201692828593647,9260.102024348427,0.016865944489836693,0.4291226267814636,0.4072466790676117
0.3418568178379284,0.0006421602817627718,2213.6361721900184,0.9949809312820436,1.384229302406311,0.66623854637146
0.03045327621848414,0.3700729785182093,2151.2039432536712,0.010142425075173378,45.24091339111328,0.6832310557365417
0.0001671746795214495,0.00035210911143837483,2838.582410381902,0.017894238233566284,0.06593827158212662,0.14417552947998047
0.0005643661865944649,0.022340427520731485,275.5782796705443,0.015780098736286163,0.009751390665769575,0.0009594758739694952
0.07992550268144889,0.0002637273780897846,6279.5390122245635,0.9993455410003662,0.004984756466001272,0.6664908528327942
2.9941557199493824e-05,1.7662103239719512e-05,3503.5545358190875,0.0164207573980093,0.9330949783325196,0.6321690082550049
1.034028639859822e-05,0.006070196654385559,2974.2739265417267,0.01787528395652771,0.07386314123868942,0.04010407254099846
0.0010779284178079123,0.35760380592121965,4494.74294220467,0.017044896259903908,0.07202646881341934,0.02904566191136837
6.533265917968179e-05,2.6617980339862555e-05,3991.1701929286114,0.016068212687969208,0.8682076334953308,0.6150332093238831
0.0010471486078746834,0.00011385243201202158,197.4039613238478,0.01509095262736082,0.4723495841026306,0.4606034457683563
0.008730118408230824,0.0018146732326078496,2822.322028164678,0.011764531955122948,10.348418235778809,0.5191033482551575
0.7612084355618715,0.011934467256334527,175.047613633193,0.9785516262054444,2.4022140502929688,0.6587103605270386
0.004169886863405399,5.747499662642412e-05,103.13936519940256,0.010462328791618347,13.395013809204102,0.6473575234413147
0.74013724176886,0.009455394952345526,3886.475581800731,0.9811463952064514,1.055958271026611,0.6603630781173706
0.74013724176886,0.009455394952345526,3886.475581800731,0.9811463952064514,1.055958271026611,0.6603630781173706
0.4656676296384691,1.8496692617214637e-05,770.9740708328568,0.3998579680919647,56.94575881958008,0.6666543483734131
0.030786353622389823,0.012138501576329636,173.77678124596554,0.01172290090471506,23.80863380432129,0.5309527516365051
0.0004086516352551355,0.18159526710129364,376.0669952682948,0.015787623822689056,0.01050504483282566,0.0010537307243794205
0.0050994933543108655,0.06128468671032569,849.9534276253862,0.015918565914034843,0.0421375147998333,0.02301677130162716
0.24642404981708044,0.00016172868446680223,1417.848391304093,0.9987208247184752,0.06352499127388,0.6665588617324829
1.150007731396896e-05,0.8888887948997121,163.26251548913353,0.016241582110524178,0.020772576332092285,0.0027894973754882812
0.7352343555577979,1.310548157571364e-05,129.11108885889993,0.991657555103302,2.9489729404449463,0.6666579246520996
0.2755440396454689,4.0046615585195024e-05,1010.6814540070294,0.9983247518539428,0.16732388734817505,0.6666399836540222
4.451104767448091e-05,0.00785245684470972,301.27720088046476,0.01593920588493347,0.012303253635764122,0.0012656848412007091
0.00148079520577938,0.011327946805040876,3246.3363278741276,0.016730422154068947,0.054909706115722656,0.021392345428466797
8.579132527771657e-05,0.0008531793399714634,632.5909066906889,0.01604611612856388,0.01333622820675373,9.663899982115254e-05
7.683655823393607e-05,2.653293255486001e-05,259.99245707617416,0.015249783173203468,0.8425392508506775,0.6148996949195862
0.00451445641766063,0.019863099754366825,1941.004840427232,0.016315484419465065,0.1062072142958641,0.02548559568822384
1.0173884517640144e-05,0.013908126564588296,2222.0817459141504,0.017772573977708817,0.06740940362215042,0.03604793548583984
0.0002254380887256593,0.7183339429173948,1910.113586987352,0.016174111515283585,0.01954272948205471,0.0028928916435688734
0.013238708761028596,8.242610327718682e-05,5999.01813358248,0.01107220258563757,11.247485160827637,0.630946934223175
0.901369704573566,0.0003337930809998213,423.44592838248224,0.9774494767189026,3.744842290878296,0.6664441823959351
0.005799839986647014,0.3616826181876551,1198.0490793500417,0.015715662389993668,0.08539164066314697,0.04176020622253418
0.0001289879566758795,0.3472809139424115,1495.211875399354,0.01621684618294239,0.018970172852277756,0.002737283706665039
0.00021005807368788864,0.033966328150467656,1271.7108591565886,0.0160514023154974,0.016531357541680336,0.0019806227646768093
0.4593981781121912,0.000378611742248555,8665.250135767703,0.15755707025527954,3.688000651891343e-05,0.665783166885376
0.022805719527108883,4.341289856423139e-05,263.5933624384003,0.0107431560754776,36.38670349121094,0.6647453308105469
0.025376153085912744,1.1988576156331616e-05,1397.5554135826003,0.010848451405763626,18.02285385131836,0.6645643711090088
0.00038501474447942546,1.0740518707885872e-05,1892.7328468689184,0.01575525291264057,0.9351456761360168,0.6455879211425781
0.00010184119103017358,0.06553412078677562,4591.879108759138,0.016817480325698853,0.030785350129008293,0.010599534027278423
0.03291345350459702,0.7038044343302206,6740.6765347868895,0.015332763083279133,8456.5322265625,0.6385181546211243
0.00569050671847211,0.0013671078919329546,221.2529229231386,0.015915006399154663,1.9519180059432983,0.2289012372493744
2.3523629498320253e-05,0.011703731445366012,8601.848698848913,0.017923157662153244,0.07706882804632187,0.041767679154872894
0.47443506376561506,0.0007299410121879941,133.85565708359107,0.946744978427887,19.51825714111328,0.6661800742149353
0.08545741496960399,0.007624807602523109,1616.9610566457004,0.999473512172699,0.004653616342693567,0.6615834832191467
0.005318789751034006,0.4199421043232493,293.2492318556694,0.015237600542604923,0.019238311797380447,0.022300323471426964
0.0021510029938873005,0.6470011040746401,3080.0158243689557,0.016556886956095695,0.05080109462141991,0.016672849655151367
0.0001414202161380988,6.043485595073793e-05,468.6085569951431,0.015401630662381647,0.6771981716156006,0.5510194897651672
0.5774898140697355,0.00047713703397795704,384.5726199420944,0.5527170896530151,53.34340286254883,0.6663485765457153
0.0004673086902102884,0.0004423382939880163,4580.300764563401,0.016635389998555183,0.04371098428964615,0.06769347190856934
2.528641040665542e-05,2.5699677935303004e-05,3874.466670467826,0.016781702637672424,0.90671706199646,0.616583526134491
0.0004116437615230789,0.0009511521576704208,3307.405862613896,0.01656709611415863,0.030404042452573776,0.01179957389831543
0.12913843623358776,1.6667932583091705e-05,894.3544014990517,0.999654233455658,0.004344712942838669,0.6666555404663086
0.0008449191543540448,7.255343594141665e-05,180.86453228536985,0.01532072201371193,0.6197879314422607,0.5288260579109192
0.3207467533959632,0.001764778676943213,398.64116909705535,0.9972456693649292,0.3261058032512665,0.6654901504516602
0.0005648712435969999,1.92354920123254e-05,585.859724501166,0.015521825291216372,0.8830968141555786,0.6290588974952698
0.05434532801307789,0.00013025912157200412,4443.179675853715,0.027993060648441315,14636.0546875,0.6614370346069336
0.005248554677468948,0.9980735285277909,880.4635143966194,0.015744466334581375,0.05419290065765381,0.03186535835266113
0.001309708502778696,0.30867745714994643,167.810059928884,0.015615918673574924,0.009662805125117302,0.00131766009144485
0.005047174010767613,2.1382599194680384e-05,154.31260127576104,0.010303371585905552,18.195051193237305,0.65972501039505
0.02725827109563355,0.002063118395095795,156.7497429757674,0.011262690648436546,60.54904556274414,0.583975076675415
0.01593677341909434,0.0001259556566076388,108.4093092757112,0.010777008719742298,12.42082405090332,0.6312411427497864
0.0007003515504020284,5.49862512307721e-05,138.3719103475822,0.01507122442126274,0.7002260684967041,0.5609937906265259
0.0027533274185166635,0.0009124115209510392,1671.917062359095,0.016383102163672447,0.04346294328570366,0.01035054586827755
0.014587132404681817,0.0016656763972180825,2806.0946216535026,0.011214757338166235,11.522216796875,0.5797481536865234
0.26853324294790326,0.014491149988650675,8365.334035147273,0.011306436732411385,1684.4249267578125,0.6684851050376892
0.0006072307748758099,0.0007143856254233595,1187.437721853595,0.016074154525995255,0.017900986596941948,0.0019981067162007093
0.00022641492725562485,0.259333141562101,126.59106139888652,0.015365243889391422,0.004136768635362387,0.0003993511199951172
0.0001364309852098876,0.006507719654006146,3000.9039026388673,0.01646576076745987,0.024168411269783977,0.0057314238511025906
0.04632005399475101,0.11765612056853826,3507.8893195546434,0.008740517310798168,9092.4873046875,0.5535869598388672
0.0002431405231483032,0.00012779700799107232,639.6113716837567,0.017836350947618484,0.4219779968261719,0.4329664409160614
0.9790717912870404,1.7281395480440083e-05,788.8574602404973,0.9768770337104796,5.318541049957275,0.6666551828384399
0.003600929539966015,0.00011131949919958264,277.60675019932944,0.012967292219400406,74.72142791748047,0.5580072999000549
0.3543813642130751,0.0006513536110586308,346.96658953061564,0.9966225624084472,0.7340914011001587,0.6662324666976929
0.0008736586469364019,0.00010075140621400576,582.5373217595255,0.015852779150009155,0.517639696598053,0.479130357503891
0.00017515216662397707,0.00017836786161370095,1001.5191804777484,0.01576540805399418,0.2840116024017334,0.3525553345680237
0.036539044462837206,0.0009860057549166113,143.63452878646444,0.010967737063765526,1171.1734619140625,0.6158010959625244
0.00186713138321706,0.0006467610693340151,225.4539656796772,0.015683699399232864,0.010758359916508198,0.01086298655718565
0.03555170465412628,2.5077900930569064e-05,3227.477701276121,0.0131780868396163,26921.568359375,0.6610487103462219
0.0012172811291173142,0.12006901078456032,108.3456457547722,0.015359831973910332,0.006960398517549038,0.00047047933912836015
0.0005849735916924545,7.256292656637045e-05,169.4898246227744,0.015480834059417248,0.6221262216567993,0.529053270816803
0.039731515199010144,0.016492573594632534,3795.011173783288,0.013335349969565868,374.8876953125,0.6456151008605957
0.02605029369163696,0.0023482879776906677,3736.9095139279857,0.011103971861302853,27.4803524017334,0.6346096992492676
0.00029330774685114216,1.0289482256404264e-05,187.60172782392036,0.01489882543683052,0.9277822971343994,0.646344780921936
4.546713588080597e-05,0.000199737689346919,696.3895051596812,0.015835212543606758,0.24422666430473328,0.32219934463500977
4.77130203212661e-05,0.0002874958137770058,191.37416079754044,0.01568501628935337,0.09956876188516615,0.20788423717021945
0.8218553155129495,0.00026596946907798757,5741.215723273775,0.981114149093628,1.4218374490737915,0.6664893627166748
0.002005867338955193,0.04708387588915033,5435.062002952754,0.016964808106422424,0.07561084628105164,0.028950294479727745
0.004235706691133971,0.0004970003762844292,1603.6907168876332,0.01534257736057043,1.0996787548065186,0.1788977086544037
0.08078544901264871,0.40715266182541926,537.7634478050107,0.02402961440384388,467.0556335449219,0.5449493527412415
0.001469575143160479,3.529140382597107e-05,729.7635644147359,0.015799622982740402,0.812799334526062,0.6012150049209595
0.0033759052720814422,0.00042760642720245063,2296.8126149966215,0.016144590452313423,0.1850657016038895,0.1259574145078659
0.09821521520212416,0.003289107899926402,1309.0133337423665,0.010480458848178388,152595.015625,0.6675662994384766
5.24376163648764e-05,0.000112082919269843,988.4618831595618,0.01580272987484932,0.485564261674881,0.4602634608745575
1.310201938264974e-05,0.0024750051929713092,347.4723470911942,0.016438275575637817,0.024881945922970772,0.004230976104736328
0.31058763641559595,6.646509538439324e-05,196.313670677892,0.9970294833183287,0.2508423924446106,0.6666224002838135
0.001737992112170869,5.9997424661188445e-05,152.7770642955186,0.015088115818798542,0.6771954894065857,0.552312433719635
0.001888336172360904,0.006233008559786879,202.630913158226,0.015550634823739529,0.010983763262629507,0.0017609596252441406
0.3823058618996292,0.02073648184676456,161.3132735647049,0.9942010045051576,1.5461992025375366,0.6528424024581909
0.4809923609197655,0.0004115059308403499,3631.706136526246,0.8026893734931946,16.956327438354492,0.6663923263549805
0.0014940543993740543,5.9457852328207765e-05,1126.5105140009728,0.015908926725387573,0.705953061580658,0.5591157674789429
0.0015328278863438135,0.00020998179144461612,3823.132891431331,0.016231196001172066,0.2510857582092285,0.30827173590660095
0.621128946457548,2.2452402979747192e-05,8580.172374297223,0.9682644009590148,1.953384518623352,0.666651725769043
0.003780861941953842,8.036070510514144e-05,245.42675525752048,0.01312708854675293,140.40072631835938,0.5974074602127075
0.2376296041298474,0.001336772850669093,351.4510785008938,0.998542845249176,0.03728187456727028,0.6657755374908447
3.514000203807378e-05,0.0014873231301182443,318.72523624018754,0.016054831445217133,0.014898066408932207,0.0017027060966938734
8.23759224979315e-05,0.0022701230564385697,227.87213096969325,0.015621498227119446,0.0066907708533108234,0.0005555948009714484
0.08660642566399725,0.0004816931338307814,1901.0475378394208,0.9994874596595764,0.004551682621240616,0.6663455963134766
0.0018925375128354136,0.01627202529867262,141.09959478672192,0.015502797439694405,0.007906822487711906,0.0006299813976511359
0.0011867006931240427,0.12849283166972575,246.60515261815257,0.015764927491545677,0.011192919686436651,0.0016972224693745377
0.04211981027154301,0.018960190926684408,758.6275317586803,0.011065918020904064,36.76182174682617,0.617362380027771
0.1294222391851873,2.43154057910435e-05,122.84623114061988,0.999680519104004,0.004215696360915899,0.6666504740715027
0.13260337514323142,0.13064179756273409,4214.4650986402785,0.014227073639631271,1991.52099609375,0.6635845899581909
9.544201939444909e-05,0.17070848070364258,153.41162701258244,0.015404919162392616,0.0044884285889565945,0.0004848639364354312
0.5702315136954225,0.00040669143496375017,478.14756039425345,0.39812037348747253,74.62519836425781,0.6663955450057983
0.00010650218943176966,0.14127664205975254,188.55933066696292,0.01548377238214016,0.0051468731835484505,0.0005068778991699219
0.4831018100189092,0.0005132854871938753,1019.3351488636304,0.8333132266998291,11.941387176513672,0.6663244962692261
0.02440672645364236,0.0013817014418252768,8844.855344482748,0.011865121312439442,50.58433151245117,0.649347722530365
0.10438269906984554,0.0006427941304178432,304.0860148782086,0.9996479153633118,0.003980977460741997,0.6662381887435913
0.06841217501669059,0.00049682371696376,3747.4999937592656,0.011770892888307571,6742.61767578125,0.6252320408821106
0.00011998425668902448,0.015124771887497014,4761.290566302406,0.016809755936264992,0.03031817637383938,0.010320186614990234
9.691035895207648e-05,0.09991082941493155,5815.136818622421,0.01701836846768856,0.036279626190662384,0.014686505310237408
0.014746698339886332,2.2558755921558577e-05,3608.128772881599,0.010664013214409351,19.5404109954834,0.6572909355163574
0.002647085133222618,0.02412609595691139,379.53838485822143,0.015896720811724663,0.01528210286051035,0.00365455960854888
5.588430112157112e-05,0.010208131724754516,470.67903946702035,0.015942512080073357,0.013847003690898418,0.0016322931041941049
0.0031661307202636166,0.00031221782870685113,224.0888296594274,0.013560490682721138,4.184667110443115,0.37476056814193726
2.5450070325750433e-05,0.005537864457318651,1307.9099437936734,0.016682114452123642,0.0284524317830801,0.007205486297607422
0.0013130049597476808,0.8666642992055658,177.73105991185218,0.015546967275440691,0.00996123906224966,0.0011774699669331312
0.30708932738271616,0.008683912967193416,3369.236061884851,0.99712473154068,0.6845007538795471,0.6608774065971375
0.013707472319354336,6.524837333903012e-05,4595.515568811625,0.010953003540635107,12.98794174194336,0.638363242149353
0.0213352136061437,0.1202388964225884,5080.393892962128,0.011410336010158062,20.17873191833496,0.598298192024231
0.0002603359858106517,0.0007930065765185859,198.0298932076743,0.015432161279022694,0.005111027508974075,0.0022269885521382093
0.008962203186615534,0.0027194890030557174,4640.933814145399,0.012397796846926212,7.965501308441162,0.46173274517059326
0.025348628206352145,0.004081606396508325,129.34403668770574,0.011705094017088412,24.365617752075195,0.5574026703834534
0.041339481574949974,0.0006542249236061601,3220.7809245304115,0.010801803320646286,15.28597927093506,0.5290561318397522
0.013743722392871367,0.061582245698065384,278.7123160190627,0.010927802883088589,16.285533905029297,0.583891749382019
9.05182973255308e-05,0.00971589669832001,232.5932566584559,0.015665419399738312,0.006565459072589874,0.000598351180087775
0.11745456334921672,0.02440644894098129,3109.8043072223995,0.07652200758457184,987372.375,0.6659549474716187
0.17976583798374376,5.3684377435336006e-05,398.93170280280344,0.9993001222610474,0.009969821199774742,0.6666308641433716
0.005096025999429116,0.01444819003236646,1598.706789118342,0.016243018209934235,0.036445990204811096,0.0034317176323384047
6.629017565852976e-05,0.1159196996327529,1778.4465069691005,0.01642725057899952,0.02312522381544113,0.003957271575927734
9.06627920001954e-05,0.00029286286666727756,987.7757665702568,0.01590007171034813,0.1038428395986557,0.20280632376670835
0.000785826788757932,0.1352103855899554,1687.379238513312,0.016326526179909706,0.028363006189465523,0.009721359238028526
0.0006111608931569424,0.003154806077613294,287.5556771343422,0.015682589262723923,0.010065258480608463,0.0010989507427439094
4.3752993374219136e-05,0.3984709687157523,4321.316592336091,0.017223678529262543,0.04120719060301781,0.018536966294050217
0.0006332214289478514,0.009155645113547502,6225.328758249408,0.017220882698893547,0.06811521202325821,0.029034456238150597
0.0004396263837476698,5.5740948657376346e-05,639.5423627886945,0.015674496069550514,0.7017029523849487,0.5598705410957336
0.006022615460744592,0.06337629934476074,1285.704450120482,0.015864910557866096,0.09578652679920197,0.04518946260213852
0.11568128915125628,0.004282246458101483,391.8946409679331,0.9996792078018188,0.004006435163319111,0.6638118624687195
0.6700398319663231,0.11115004178877552,1426.506090703463,0.9823703169822692,0.689373254776001,0.5925666689872742
0.00020829438622529695,3.0031991341887785e-05,461.3392249105617,0.015829723328351974,0.8227776885032654,0.6081281900405884
0.07352340915269258,0.04173894643926,1714.9243977926903,0.015225834213197231,545644.25,0.6471155881881714
0.017718519787852466,0.05991367605136559,608.7294104881261,0.010939184576272964,12.253776550292969,0.6003454923629761
0.7340292766152013,0.0003085037028347476,8934.64232374251,0.9809356331825256,1.061733961105347,0.6664609909057617
0.00145113624237874,1.7218425984660337e-05,740.787513196934,0.015788154676556587,0.9042087197303772,0.6344170570373535
0.7437154093878503,0.3061191356312871,2013.6443216857472,0.9868982434272766,0.6105701923370361,0.4625872969627381
0.008069824594672072,0.00016114593547436842,109.88472926300818,0.010337291285395622,19.341312408447266,0.6469138264656067
0.029609387848008196,0.007346392705187139,355.69584218619747,0.011728029698133469,14.41427993774414,0.6445695161819458
0.6798784373177553,0.0013536987919539494,5588.194146935547,0.977305829524994,1.2773292064666748,0.6657642126083374
0.0002686099778705072,0.002196096838615026,1758.9442713140604,0.016233382746577263,0.019939042627811432,0.0038411617279052734
0.04040575396793528,0.0016871506307999614,7441.016674450664,0.011579842306673528,28514.375,0.6248493194580078
0.005036850806167126,2.515207714034813e-05,132.26585764820186,0.010366259142756462,16.78738021850586,0.6594344973564148
3.0163889721244276e-05,0.003193792482024458,883.3932723364874,0.016400175169110298,0.023707782849669456,0.0035049915313720703
0.000872790618791232,1.7272851645918263e-05,1069.7640909978977,0.01571999303996563,0.8984038233757019,0.6340289115905762
0.0018893238971251108,1.4057084168743545e-05,105.55313893797693,0.013696933165192604,1.0609450340270996,0.640274703502655
0.11433789901176178,0.06781493347547132,6072.933811990802,0.02993161231279373,394.2759094238281,0.19235515594482425
0.2195851915898441,3.242095620160998e-05,247.50721146460816,0.9988895058631896,0.02046062983572483,0.6666450500488281
0.032294606577430635,0.0018471015413585648,145.31438519071406,0.014794907532632353,77363.0078125,0.6473053097724915
0.2319281828446437,0.009176581368429424,390.8659741336602,0.9986300468444824,0.03228279948234558,0.660548985004425
0.0004947687035259745,8.285840127266253e-05,165.3064281833655,0.015570033341646194,0.5783672332763672,0.5101932287216187
1.2196914184890504e-05,2.048337294419819e-05,247.1315188792767,0.015857726335525513,0.8947145938873291,0.6268292665481567
0.03626093195480555,1.5107075775312157e-05,315.7468228774984,0.0108495419844985,24.92549514770508,0.6655816435813904
0.06299684545332063,0.0076002948808356,1383.1771759198753,0.014258026145398617,1453.3189697265625,0.17666737735271454
0.00011217035157224495,0.009169822158002817,446.22902329509947,0.0158486757427454,0.010407057590782642,0.0010884603252634406
0.1511145792356662,0.48778489507058787,131.4463107108239,0.999511420726776,0.2435934841632843,0.34147676825523376
0.00015350480676788037,0.0008064594933155766,439.245573205479,0.015710335224866867,0.008935939520597458,0.0017170906066894531
0.0012167174156746815,2.0421678313606377e-05,353.4063321809432,0.015592243522405624,0.8773749470710754,0.6268147230148315
0.014488320365192838,0.04738834135936606,363.8496789587044,0.010734092444181442,18.01522445678711,0.6072908639907837
0.7503723953938397,6.98788136430146e-05,1087.0771709422693,0.9870808720588684,0.5543261766433716,0.666620135307312
0.05694311764765775,0.016648237780456442,1707.3251987015508,0.013408682309091091,4.48148775100708,0.24676594138145447
0.0017660395309012336,0.0008673956696735761,9306.849376842729,0.01734638772904873,0.12172482162714005,0.04995473474264145
0.0002404338451338617,0.00262704827630723,4615.977649096086,0.016860801726579666,0.03368188813328743,0.01351801585406065
1.0158092831767196e-05,0.00873378857147077,8677.59636155837,0.018130945041775703,0.09247372299432756,0.05144906044006348
0.0055619141100349745,0.006055119667825273,1144.6093368283182,0.015927445143461227,0.08135871589183807,0.03901902958750725
1.6861744930737443e-05,0.004602386071075445,3352.3287800771577,0.017690815031528473,0.06249731406569481,0.033048950135707855
0.00047566374450084664,0.0007702450529714315,1019.2625162973638,0.01599973812699318,0.01640903204679489,0.0012961229076609015
0.00011469155462856724,0.01014567966576271,3687.507073966593,0.016615692526102066,0.026996681466698647,0.007571776863187552
0.19234084820775352,0.0037581244772399392,3005.6053977331526,0.007247829809784889,899.2376708984375,0.6665555834770203
0.00014584201644299286,0.0004793332108019266,1527.526756534808,0.01606328971683979,0.023948872461915016,0.05804220959544182
2.301534018870067e-05,0.004958452189763059,2908.803928887359,0.017410757020115852,0.04851055890321731,0.023938894271850582
0.43733693652939415,0.06759158528291527,4277.6319904992315,0.016327863559126854,156.07839965820312,0.621605634689331
0.4409988794114512,0.00042257793968513384,1970.0689332223224,0.013472563587129116,106.36392974853516,0.6663849353790283
0.1919089802407865,0.0011600189872427189,4805.769053293299,0.9990426301956176,0.014832058921456335,0.6658933162689209
0.003843769862547813,0.0031393489169642325,861.7495585270227,0.016307706013321877,0.03521151840686798,0.0061086020432412624
0.026348313541837885,3.714626481177708e-05,226.4540862684602,0.011505006812512876,14.822383880615234,0.6640634536743164
0.011625684441780328,0.24047154807605844,235.5174178363969,0.011127391830086708,15.40119743347168,0.560741126537323
0.04849122362128292,1.1035705724810617e-05,4056.130726271664,0.013793138787150385,114.10335540771484,0.6644072532653809
0.00010580385267319394,0.001133311401237865,234.84283706521992,0.015561085194349287,0.006058036349713802,0.0004635652003344149
0.0004291143535062888,0.0030774714291982325,149.73376477450964,0.015392152592539787,0.005627939943224192,0.000385284423828125
0.1182135739706938,5.125753597857347e-05,155.31672321719373,0.9996920824050904,0.003945254720747471,0.6666325330734253
1.2184400345992706e-05,3.143770187714128e-05,1001.191188908318,0.016275007277727127,0.8573092818260193,0.6057999134063721
2.5324276942700503e-05,0.5372804265731248,854.2084304395879,0.016455961391329765,0.02492671273648739,0.004006147384643555
0.07390518319337622,0.06384712615320368,1480.5050442274107,0.016947263851761818,212795.375,0.6534804105758667
0.002639962778227694,0.0003900586807172094,440.9998255959409,0.01529574953019619,0.5681654214859009,0.17925390601158142
0.02927431636429341,0.002824706235840333,132.64224881482602,0.011810771189630032,11.850913047790527,0.6467757225036621
0.005760536183401612,1.624597249968253e-05,265.9248244017418,0.010599179193377497,12.455110549926758,0.6592397093772888
0.5854495712356323,0.0012542045077495476,182.6806244937723,0.6876936554908752,47.31257247924805,0.6658305525779724
3.480714582267678e-05,0.0299557333086635,3826.3105018143688,0.01730501465499401,0.04418326914310455,0.020700296387076374
0.01546915931403564,7.002174542421357e-05,3060.308070965759,0.010958430357277392,13.178226470947266,0.6421554684638977
0.0001643050436563778,0.001063308982201925,130.0576890255658,0.015201505273580551,0.003684148890897632,7.947286212584004e-05
0.0005125626363621192,0.011486730950061648,702.3704188552572,0.01601819321513176,0.015197805128991604,0.0022351741790771484
0.0002260367182539904,0.28899871222880724,1767.2366958458454,0.016194330528378487,0.018963297829031944,0.0028400421142578125
0.0003213117552512385,0.10407042801567526,107.18457260961814,0.015257326886057854,0.004012178163975477,0.00032671293593011796
6.813389373291078e-05,0.08270680343914226,2844.6079587120366,0.016610736027359962,0.026549257338047028,0.006251414772123098
3.62600886230275e-05,0.35656996934317625,831.738883126495,0.016316037625074387,0.021594105288386345,0.002772728679701686
1.414498180870278e-05,0.0004022325998420315,9259.178941675696,0.017972605302929878,0.11400921642780304,0.08050195872783661
0.004159425369976649,0.004183319903195424,123.056394111116,0.015092887915670872,0.04332654178142547,0.03118976019322872
0.08559332233497637,0.017874362628346952,1666.9019266697326,0.9994749426841736,0.004915620665997267,0.6547504663467407
0.21877435586510943,9.0749142235435e-05,5078.795190853766,0.9987027049064636,0.03236234933137894,0.6666061878204346
0.4193514165459511,0.002786658826359736,1781.160992939821,0.7012754082679749,41.80695724487305,0.6648089289665222
0.07685605516414583,0.045948729240784594,1353.0140982055382,0.011887414380908012,39.66365432739258,0.5302143096923828
0.6585542109935942,0.03624791778731857,2432.706080796599,0.981120765209198,0.7407400608062744,0.6425014138221741
0.00861371275119549,0.00011314184428178165,283.0491229086771,0.01031525433063507,20.661222457885746,0.6495897769927979
0.9352789901301944,3.011359542673508e-05,216.48422370949604,0.9860616326332092,6.741199493408203,0.6666465997695923
0.09089556072876988,0.0408501247244018,306.17250063673333,0.9995635151863098,0.005867381580173969,0.6394332647323608
8.822132158329914e-05,1.0001542643175692e-05,3198.6970426797825,0.01590941660106182,0.9517271518707277,0.6470977067947388
4.614200119293632e-05,1.2462225362489514e-05,605.7866928704022,0.01565471664071083,0.9282828569412231,0.6422688364982605
0.004132574653268465,0.0006090483343808049,123.13218854559486,0.01254560612142086,6.148540496826172,0.40650320053100586
0.00026713375070401416,0.12367270820790596,2248.941670627634,0.016298621892929077,0.022311801090836525,0.0048975152894854546
0.028330950416150545,0.00026942138011915186,293.5242624844032,0.01157380361109972,12.984685897827148,0.659514307975769
0.05460545947201071,0.0012939381688977518,3963.3801945458385,0.02252911403775215,7939.37109375,0.35159188508987427
0.0007324807341258646,4.137931470206404e-05,1665.0045389943266,0.01602081023156643,0.7807567715644836,0.5867235660552979
2.4840102235579485e-05,0.1063064838106928,4293.741549965311,0.017606770619750023,0.05791482329368591,0.029868444427847866
0.37633075127541454,0.0001882594302349772,2596.4520949818193,0.9804837107658386,4.5782976150512695,0.6665412187576294
0.31568363637881425,0.3650809895233922,1236.0483373186246,0.9972617030143738,0.6945310235023499,0.42327937483787537
0.09181983744619608,1.8489482038416065e-05,8527.737604443719,0.007452115882188082,64.42701721191406,0.6668686866760254
0.01291259134499146,0.06620871411069247,3517.3290854379215,0.011184166185557842,15.254430770874023,0.586869478225708
0.4949986225167436,0.0011944626096997983,3178.5409545833004,0.8784112334251404,7.996131896972656,0.6658703684806824
0.2590671082236608,0.0039833042334190705,1272.5336545600069,0.99856299161911,0.09676887094974518,0.6640111207962036
0.00011009733389669668,0.20237343057475177,1501.1303941196377,0.01627802662551403,0.019811883568763733,0.003291924949735403
0.06062201248171958,0.264065914635737,225.8923951718386,0.010536146350204945,21.866634368896484,0.638600766658783
0.16491765015341836,0.7407326857389527,501.7150926984879,0.9995471835136414,0.5537673830986023,0.17284488677978516
0.0007780127397316541,0.05603047958226167,159.70546702525294,0.015493176877498628,0.007860321551561356,0.0006217162008397281
5.8232309468754185e-05,0.28322567039053265,329.00467165815684,0.015800852328538895,0.010674390941858292,0.001254479167982936
0.36621158647119767,0.6543143952490416,534.4029540014502,0.996404767036438,1.2485668659210205,0.2304571568965912
0.0009921880298208697,6.305692153530588e-05,108.92467983144222,0.01518150232732296,0.6632767915725708,0.5460546016693115
0.0002490905759064532,0.0005465243610113927,537.2938844144737,0.0158852431923151,0.012916604056954384,0.03208812326192856
0.64871622649307,5.74849587276034e-05,397.4814534972693,0.9267823696136476,6.657588005065918,0.666628360748291
0.03767321027257669,0.004344221007613486,453.0796290826038,0.007455724291503429,15614.2470703125,0.5974273681640625
0.00010058391211050215,0.0004685686955439982,1128.0227281380194,0.015479031950235369,0.024909911677241325,0.06424983590841293
0.957315412803374,0.0011914310300471728,3080.012848320332,0.9809239506721495,2.999516487121582,0.6658723950386047
0.44884616916286785,0.246375020572768,832.9701138226953,0.0002570885408204049,105.54617309570312,0.5024166703224182
0.0001009094004329908,2.267238102841992e-05,1406.0789552300073,0.015712054446339607,0.8733656406402588,0.6225225329399109
0.13416962750247102,0.0016391476959275071,129.9739945375905,0.9996289610862732,0.004915052559226751,0.6655739545822144
0.13331781118462496,0.00015797131293535002,1663.754129070555,0.99960857629776,0.004891945049166679,0.6665613651275635
0.007850873039998539,0.07953764640712573,591.7899445472566,0.013586724177002909,2.690224885940552,0.2824966311454773
0.09262398549035836,0.00538560941312549,810.8748011166819,0.999606192111969,0.004040658939629793,0.6630762815475464
0.03274254199695167,0.07025755825739079,341.46771714105415,0.011836817488074304,35.12895202636719,0.5322115421295166
0.00018772218068836816,0.0016101916176085938,1877.5295776542157,0.016221480444073677,0.01959399506449699,0.004291534423828125
0.0002511708089981447,0.0007934557393681654,315.5839484682752,0.01561027392745018,0.0072264536283910275,0.0017842452507466078
1.2389312404322534e-05,0.003387589512073176,193.02648186896965,0.016284817829728127,0.021627338603138924,0.003122568130493164
0.053989622043616736,0.3708343663065979,668.8863968071764,0.016119983047246933,10.81315803527832,0.10656857490539552
0.05594926592722062,0.0009379809469141396,435.112523277966,0.011772997677326202,66126.4765625,0.6566488146781921
2.946614923619227e-05,8.678805453023478e-05,2010.5846282702223,0.016096796840429306,0.5961435437202454,0.5042313933372498
0.02779736390467063,0.14535564024670908,5667.346859187319,0.009623252786695955,3502.28515625,0.6241399049758911
3.769060060512331e-05,0.02288811149145388,435.2371355442896,0.016124634072184563,0.016480611637234688,0.0018471082439646125
0.15380254761070078,0.002765522379693306,556.6000021656993,0.9996142983436584,0.0052687376737594604,0.6648229956626892
0.08279783668136971,0.03792170411954171,155.88037888648194,0.999507486820221,0.005720960907638073,0.641385555267334
0.1619612220075544,0.002388424805298195,571.855578255264,0.9995660185813904,0.005949287675321102,0.6650744080543518
0.002902840982548201,0.1684007925909826,3329.7495769884263,0.01650955341756344,0.06535477191209793,0.012907346710562706
0.19635697129518803,4.5185348570290845e-05,6070.963541273244,0.9989912509918212,0.01661631651222706,0.66663658618927
2.462364436878581e-05,0.0006915780341477338,697.5306129914994,0.01632736437022686,0.022939901798963547,0.00613276194781065
0.0001360975269016157,4.231083760826254e-05,181.2805531392508,0.01480328757315874,0.7623177170753479,0.5847800970077515
0.00124913911019111,8.970000311791879e-05,1823.4372362245515,0.01574055477976799,0.5791446566581726,0.5046505928039551
0.006262837175698906,0.010922624389502826,111.56308936465275,0.015157273039221764,0.05036075413227081,0.029767513275146484
4.702087692449329e-05,0.06945294227391743,4276.165254067039,0.017160596325993538,0.03907260671257973,0.016950607299804688
3.9795354542578206e-05,0.000536610547246799,175.76384806809585,0.015691246837377548,0.01101186778396368,0.03634468838572502
0.018488084820412736,0.024259083518935146,486.86405567190474,0.011085069738328455,14.63275909423828,0.5704547166824341
0.4879573004343342,0.05039070296354247,3940.929540936811,0.8369547724723816,12.88808822631836,0.6330728530883789
0.12694229226391876,7.074483279279767e-05,152.77316306763458,0.9996750354766846,0.004266767762601376,0.6666195392608643
0.6181460283813208,0.0001139375121619274,331.0105870999249,0.8708433508872986,12.993851661682127,0.666590690612793
0.0652518743909814,0.000215062712518012,4471.274412235842,0.01224793680012226,1307.0902099609375,0.6543436646461487
0.02601688013300265,3.099800334588823e-05,742.5980928368286,0.010844948701560496,265.1718444824219,0.6587769985198975
0.00035046789189535486,0.0021470012458355485,783.493478214852,0.016032377257943153,0.015012581832706928,0.0020933151245117188
0.016968666432421915,0.8821786883477756,5618.790655673351,0.011181121692061424,11.691864013671877,0.5985106229782104
0.8499408365932446,0.008853761414458948,7138.839311752925,0.9801189303398132,1.882032871246338,0.660764217376709
0.06366023112712736,0.001048832764169039,701.4092667419296,0.0027444299776107073,235193.78125,0.6581885814666748
0.10504062218223556,0.001899329842866954,5652.109262334842,0.034644171595573425,63986.234375,0.6390789747238159
3.4763660620346444e-05,0.0003699589518880215,1937.621322629137,0.016326161101460457,0.06306975334882736,0.1275556981563568
0.00022816418943812257,0.0001763358808685586,454.4026876487638,0.015463648363947868,0.2821434736251831,0.3548513650894165
0.0004905668330278576,0.00035459551466166976,1037.1760991903222,0.015974141657352448,0.05738638713955879,0.1399494111537933
0.005328079771136049,3.978622159455587e-05,8603.49875011933,0.014268266037106514,5.891792297363281,0.6135911345481873
0.20042214601141103,0.0001475379980466191,214.62326593402196,0.9990912079811096,0.013913492672145368,0.6665683388710022
0.004377418860233618,0.07680409949729167,120.75486900176622,0.01512017473578453,0.030385568737983704,0.02739628218114376
5.805715588417158e-05,0.022443062430868063,1684.3792563288146,0.01642880216240883,0.023475391790270805,0.0038404464721679688
0.003986446950575508,0.14900045606017778,1014.0815083863264,0.016224350780248642,0.02877795696258545,0.010161399841308594
0.0015625949986794315,0.05324259168142972,9672.48172117434,0.017420034855604172,0.1262788623571396,0.04852875322103501
0.0706897901332459,0.018241610651486672,4150.387927271841,0.007633126340806484,21152.25390625,0.461824506521225
0.0009491119692323826,0.3295319437893387,9388.617979658942,0.01737167499959469,0.09531004726886748,0.038946472108364105
0.0020370395275206587,7.863810884784906e-05,405.9218086106342,0.015396511182188988,0.6189002394676208,0.5238887667655945
0.0004618814697604596,0.0033357306573818645,126.68723330434072,0.01540584396570921,0.005233768839389086,0.0003100236353930086
0.07989340160305551,0.02501554727067003,187.59059003804336,0.9994667172431946,0.005019510630518198,0.649989664554596
0.560747781055445,0.00026025519210557383,103.61005443599824,0.5747486352920532,187.3083343505859,0.6664931774139404
9.016409850791213e-05,3.670931578366875e-05,906.6724810654008,0.015643248334527016,0.7973807454109192,0.5956895351409912
0.042532494682733395,0.00021659318771066112,2283.0979249226953,0.00953237246721983,42.78445816040039,0.6543566584587097
0.8442523094339054,0.0001185226065251965,3486.636439480476,0.9803544878959656,1.764257550239563,0.6665877103805542
0.0014437381142395503,1.712419924558057e-05,319.1371842573763,0.015621466562151907,0.8968124985694885,0.6332312822341919
0.009304242462831775,0.0001859985395570966,2527.175688837014,0.010950270108878613,14.299214363098145,0.6006003618240356
0.05237950076767972,0.22478307757299623,669.9968655010258,0.015302685089409351,18.00860595703125,0.15648722648620603
0.6945230954564581,0.09097576586315148,5753.793640141644,0.9786365628242492,1.176236629486084,0.6060161590576172
0.009640489516830948,0.14563110218835668,996.9172261253824,0.011254671029746532,13.055418014526367,0.5573318600654602
0.000594307795051219,0.10647158706339406,524.264970059091,0.015955019742250443,0.013830801472067831,0.0019522508373484015
0.08789643871934323,1.4196455603825054e-05,1468.3141709093136,0.9995022416114808,0.0045080347917973995,0.6666572093963623
1.406095109807628e-05,0.00014795308851578548,2722.562240649108,0.01724383421242237,0.4308879375457764,0.39828717708587646
0.45535377661923937,0.3028661095827123,2247.8931760910036,0.47974076867103577,46.061649322509766,0.46475595235824585
7.32542835648931e-05,0.005202545829454326,330.5332463252074,0.015829134732484818,0.00969241000711918,0.0010352929821237922
0.026543530647321335,0.003443696514584073,1464.3410153442214,0.0110915033146739,21.573768615722656,0.6362646222114563
0.02515857455798119,0.11911815510902146,506.9793141922083,0.012825917452573776,216.65625,0.585329532623291
0.1184542548995966,0.9118770509312856,9594.090275604096,0.9995759129524232,0.8350195288658142,0.05874864384531975
0.001711738215169487,0.0002033283453398575,9691.479924583587,0.017107374966144562,0.3436945080757141,0.3124180734157562
0.0007298692201786418,0.2682444347478718,1864.360623629745,0.01640181802213192,0.030245354399085045,0.010696649551391602
0.0013017789790484744,1.0850421386274442e-05,267.59859273122737,0.015476549044251442,0.9295745491981506,0.6453814506530762
1.4416701068614092e-05,0.008962257700793737,2487.493556386222,0.017632704228162766,0.059312548488378525,0.030944347381591797
0.44928713779757146,0.0011950681899573258,7872.525975558201,0.26003792881965637,98.32416534423828,0.665869951248169
1.545639033167726e-05,0.003396294057270639,1070.2737245776143,0.01697417162358761,0.0340624637901783,0.01310642622411251
0.0005937581323984903,0.00023253967686413956,1005.75480784557,0.015991803258657455,0.18152660131454468,0.27548712491989136
7.538402987499471e-05,0.0003714649045756182,3636.871426020911,0.016321398317813873,0.06094042956829071,0.12610316276550293
2.1653734544534533e-05,0.003985543153802768,135.6566939939677,0.0159614235162735,0.013705572113394736,0.0015942256432026625
0.0006633106116133756,0.01961132166876853,2353.9187896600843,0.01657950133085251,0.0357518196105957,0.01357269287109375
0.027662506033386505,0.01948821382933854,4133.531364571027,0.010925604961812496,29.93128967285156,0.6371426582336426
0.00023768751395691423,1.3174575725534976e-05,530.3287823595791,0.015394010581076143,0.9144493341445924,0.6407590508460999
0.0026874250193842414,5.948272582431904e-05,722.2263510068971,0.013284774497151377,3.6150155067443848,0.5747209191322327
1.7374481830298306e-05,0.0016157626149435002,6389.135400469344,0.017912980169057846,0.07634804397821426,0.04216861724853515
0.2731707033096807,0.668935978249192,2595.425614931666,0.9983620047569276,0.5765431523323059,0.2207094132900238
4.0761530757096576e-05,0.3169729821817555,142.7786469866275,0.015755537897348404,0.007053609471768141,0.0006872813100926578
0.8841894650397532,0.1633577126758659,6556.1189413813,0.97836571931839,3.049516439437866,0.557761549949646
4.02871128605748e-05,0.0011829059871522212,137.39582807732225,0.015648892149329185,0.007653577718883753,0.0006055831909179688
5.221308630007277e-05,0.7206741995703657,3695.636104941335,0.017007146030664444,0.03325548768043518,0.004491250030696392
0.01561935399865937,2.5633207931067577e-05,1583.39960632574,0.010914194397628307,12.114084243774414,0.6591471433639526
0.031782343235774294,0.0017626880375812644,9413.00226583108,0.011601585894823074,43.36880874633789,0.44333595037460327
0.0013118269767555951,0.0032219981043684867,164.678435181915,0.01559519674628973,0.009205535985529424,0.0012758573284372687
0.0002555569595430789,4.4990085113024025e-05,3098.677307777936,0.015876134857535362,0.7606614232063293,0.5805483460426331
0.12342094884355943,0.00011648270747123852,1598.867898757336,0.999634087085724,0.004472654312849045,0.6665890216827393
0.28647208665272555,0.00014733582867535475,208.838390198764,0.9976099729537964,0.12772893905639648,0.6665684580802917
0.004975641874384658,0.03404714528593805,2025.165384456022,0.016555391252040863,0.045636340975761414,0.0016047954559326172
0.016689680455231358,0.2196128671450923,108.7542680695866,0.01132018119096756,12.641136169433594,0.5339664816856384
0.010611473366842518,0.13382736919121135,2525.8379466251513,0.01237130630761385,7.476797103881836,0.4472870528697967
0.010361119901032228,0.05820563827324967,2687.576103379618,0.01280302181839943,5.72015905380249,0.4044655561447144
0.014685953459071466,0.016929231744777517,787.0726594978682,0.010877988301217556,17.48934555053711,0.5975455045700073
0.0029630771866649363,0.011496896010937525,773.849580203081,0.016384810209274292,0.02798308990895748,0.007320722099393606
0.001046597794715964,0.024065542306001136,152.23851249835462,0.015559498220682144,0.008284010924398899,0.0008099079132080078
0.00011165230614683768,0.025656227776647125,104.4428823735597,0.015239851549267769,0.003668801626190543,0.0004483858938328922
0.003502736770890868,0.37851437539896704,9019.973630583934,0.016788054257631302,0.1187543272972107,0.01923203468322754
0.07973426448127896,0.000557609724064087,661.8333197006574,0.008576762862503529,250115.6875,0.5516624450683594
0.054003205852286074,0.4651492725278406,2975.543683505646,0.0076525043696165085,1820951.0,0.608733594417572
0.0002644114724661016,0.2948124838857134,3326.3825576594677,0.016516000032424927,0.025925228372216225,0.0074503421783447266
0.2593396343271222,0.010882818666624891,2719.6862807520174,0.9985596537590028,0.09757807850837708,0.6594114899635315
2.268323076934809e-05,0.14293250627235843,169.61534457981426,0.01598934642970562,0.013983748853206636,0.0015330314636230469
0.0002505818836007153,0.03766248121605254,3546.5893094593453,0.016498122364282608,0.02636750228703022,0.007738749496638775
2.8076045387035933e-05,0.0002939053407068821,1746.6261538371366,0.016306018456816673,0.11855162680149078,0.20133623480796817
0.017131477852106235,0.4787284087024184,7050.313868790549,0.011174479499459268,13.29590892791748,0.5950255393981934
1.3551491128798032e-05,0.00019500117224792283,2941.670289201807,0.01737557165324688,0.3156677484512329,0.3245169520378113
0.001649896486177888,0.0012644689924371263,418.3357087782406,0.01596408151090145,0.016659818589687347,0.0053857965394854546
0.07522598804844469,2.255111435759906e-05,2686.4776232236077,0.017156580463051796,931.982421875,0.6559339761734009
0.3518645772451011,3.6976892707387795e-05,3861.2244590884848,0.9933212995529176,2.995617389678955,0.6666420698165894
0.10799727788695396,0.002404273307495947,799.1414986834227,0.999692440032959,0.003745678346604109,0.6650638580322266
0.00018355459337355347,0.0003085593954489178,2407.83112786321,0.016112659126520157,0.09385835379362106,0.1852379739284515
0.1845837377192879,0.011366790120493605,2366.0407979546108,0.9993119239807128,0.01111569069325924,0.6590888500213623
0.0004603634739164891,0.19154681034953275,291.37595860623117,0.01572970300912857,0.009739584289491177,0.0010411739349365234
0.13574514071661226,0.08099128992071022,8441.698870193057,0.9995151162147522,0.011929208412766457,0.6126725077629089
0.7694666427437805,0.4004750156506526,1698.0434440113297,0.9874402284622192,0.6764446496963501,0.3996833264827728
0.00739187836481971,0.21032669933773285,1679.6660467323582,0.01576598733663559,0.10639810562133788,0.05355119705200195
1.3797453377559438e-05,0.0026450294818275823,9001.05920923542,0.01807292550802231,0.08788976818323135,0.048760972917079926
0.10569157622206622,1.6077044358402387e-05,2423.5219133968785,0.001961843576282263,102885.2890625,0.6669629812240601
0.0010739498236298228,4.615393848337585e-05,279.53567451999623,0.01546588819473982,0.743055522441864,0.5777617692947388
0.0002264807042773941,0.030905698471066587,983.4168485688988,0.016049711033701897,0.015260855667293072,0.001703023910522461
0.054809556678251194,0.006509697553641606,384.5801788709445,0.012941344641149044,22.2915096282959,0.36979541182518005
0.1709254819664346,0.020368870239761062,1395.7297388153002,0.9994099736213684,0.008818612433969975,0.6530874371528625
0.5850985928625503,0.37043112280135215,1061.6794079649026,0.9664905071258544,1.5740221738815308,0.419712632894516
1.376893399054154e-05,3.781755599739055e-05,2158.9117370861936,0.01693638600409031,0.8538104891777039,0.5933980941772461
0.010371999385313836,0.12558034269351057,364.09796977644305,0.01081348117440939,15.098917007446287,0.5979521870613098
0.0006549016132073341,0.6293286544186913,313.9282394265198,0.015745868906378746,0.011475693434476852,0.001195033430121839
0.00028451689387679876,0.0006097873094958092,317.08860027593914,0.015600655227899551,0.007591113448143005,0.017835378646850586
0.028361562601840848,6.435890309003396e-05,5418.011637606356,0.0108520844951272,20.34807014465332,0.6602465510368347
0.07108109388420758,0.002097166604397408,5877.009542300974,0.006961361970752478,500759.59375,0.6862713694572449
0.01868077875125393,9.94859881343895e-05,356.6263204376882,0.01089186780154705,13.018978118896484,0.6494277715682983
0.0017849061736441856,0.049645168187255125,356.15101654744046,0.015971308574080467,0.015689751133322716,0.0034613609313964844
0.0330568391669657,0.00010429722952729744,486.9399453696006,0.014199708588421345,5.650275230407715,0.6437969207763672
0.0005946729432710376,0.021070599740482015,1293.2283339163407,0.016141265630722046,0.02153913304209709,0.005475123878568411
0.00017437596860300962,0.02127289219473307,431.3905678873254,0.015825167298316956,0.00963571947067976,0.0008441607351414859
8.507887507028448e-05,0.0012977099256191184,378.12915445263536,0.01581627130508423,0.009730907157063484,0.001155853271484375
0.0007775988415607773,0.002255667518274653,1186.8688418322602,0.016065314412117004,0.02156888507306576,0.006459077354520559
0.028147334980393568,0.13956433140188854,1412.6211916986415,0.011002173647284508,33.486324310302734,0.6386654376983643
0.0010420225734342457,0.00030040870092946947,1633.705919549216,0.016027064993977547,0.10079792141914368,0.1918935775756836
1.663211944545378e-05,0.00016079607573767646,6427.828788357531,0.017673863098025322,0.4323344826698303,0.3760436773300171
0.00016486262798371472,0.06877825738954613,373.19304599112314,0.01577942445874214,0.008750750683248043,0.0007578532095067203
0.2858779723302863,0.0017042872782595216,2224.5064488497073,0.9981439113616944,0.23435738682746887,0.6655305027961731
0.10761890683361128,4.7007152571598976e-05,132.6629914590007,0.9996765851974488,0.003889927640557289,0.6666353344917297
0.001891818351964085,0.18163652574486633,1297.702266282483,0.016184194013476372,0.030722668394446373,0.009698311798274515
0.0007671288420015414,0.0006081940501327213,235.3051548058872,0.01569262333214283,0.010071665979921818,0.017415683716535568
0.000652962464442984,0.03199095026277854,136.1060886639213,0.015499581582844256,0.006695405580103397,0.00044258436537347734
1.5769102208632048e-05,0.04507881180251793,8295.62696157669,0.01803122460842133,0.08472225069999695,0.046546779572963715
0.0324896342033618,0.0036210439613494137,7408.00235915632,0.014828401617705822,23757.69140625,0.6537261009216309
0.005183416711689009,0.3342626897225914,1546.3492073162631,0.015998581424355507,0.07383336871862411,0.02948816679418087
5.8559465469285626e-05,0.0018589197678852453,110.23995197167442,0.015402114018797874,0.004343483597040176,0.0003050168452318758
0.0021175927586878493,0.05357261640923687,719.2451980586179,0.016074076294898987,0.025660641491413116,0.006909926887601614
0.025530357462189783,0.35598093881982895,1837.672139905208,0.01081575732678175,18.330427169799805,0.6541761159896851
0.03445127718179983,0.11190043192406296,8438.183530472374,0.02187911793589592,13109.1005859375,0.6395880579948425
0.007247208914268518,1.4788595213063508e-05,4568.658255524014,0.010776184499263763,14.091607093811035,0.6547588109970093
0.00035446074780157003,0.08085623855365072,533.7270481183555,0.01584630459547043,0.0123562877997756,0.0013126533012837172
0.000425473865345675,0.0006015994298585677,2641.2505881312645,0.016355140134692192,0.024693531915545464,0.020051082596182823
4.988707106428212e-05,0.00018930565334752565,2161.164487301508,0.01607375033199787,0.2772217392921448,0.3377412259578705
0.057897512685720715,0.08328216996699017,497.3426809016142,0.013471679762005806,0.9003180265426636,0.18378910422325137
6.855868965082041e-05,0.0005010387350377004,752.675244300757,0.016015514731407166,0.019692951813340187,0.0494387149810791
6.855868965082041e-05,0.0005010387350377004,752.675244300757,0.016015514731407166,0.019692951813340187,0.0494387149810791
6.678636535568571e-05,0.11844168957923223,1039.6550452996871,0.016090108081698418,0.01901986077427864,0.002806981559842825
0.000942816524173648,0.17794027161617593,206.22457955216456,0.015612722374498844,0.01003354787826538,0.001163959503173828
0.3114487732218159,0.03551823703908171,3247.7925646167696,0.996996521949768,0.7870420217514038,0.642987847328186
0.0010353308396979146,8.012938386280919e-05,248.8899100111799,0.015429100953042507,0.5909190773963928,0.5153695344924927
0.5353020337055462,0.3790109954992869,2271.9993947344674,0.9408682584762572,3.1500935554504395,0.413992702960968
0.0006160798946782312,0.0010396551186013247,1502.9885417922342,0.01620175689458847,0.02214883454144001,0.007589022628962994
0.12412733641048532,0.01768733832514998,1059.308579259124,0.17039331793785095,38845.28515625,0.6369990706443787
2.6080989330562268e-05,0.14638507444136403,1003.0206778642852,0.0165080726146698,0.025842908769845963,0.004593451973050833
7.133781756051714e-05,0.803012744794335,446.59492727325545,0.015932565554976463,0.011737928725779057,0.0012416045647114515
0.0002096335219925114,2.4966096406712736e-05,182.17056747618395,0.015070179477334024,0.8507329821586609,0.617761492729187
0.0020522476893604156,4.8050406692047886e-05,4746.688885223247,0.016354843974113464,0.7989736795425415,0.5759013295173645
3.458521245183811e-05,0.1881555823006275,2872.158404947244,0.017074912786483765,0.03645593672990799,0.014868736267089844
0.036893972278362046,0.0004208079530434264,958.2182056968016,0.011001220904290676,23.315343856811523,0.6162758469581604
0.00024316822556274257,1.1851579459753542e-05,5522.578247873956,0.01608421467244625,0.9489615559577942,0.6457151174545288
2.0586242721935076e-05,0.36901793092096025,748.2701882550681,0.01649836264550686,0.02576352655887604,0.004528840538114309
0.00015657138514620523,0.00040840215731417697,3472.9704036351136,0.016209032386541367,0.04227259010076523,0.09762310981750488
4.458843433550966e-05,0.027389971283294224,1026.6966248293843,0.0163198821246624,0.021628620103001595,0.002782424446195364
0.005337620318266733,0.04726965713144452,1045.169960019771,0.015957383438944817,0.057098861783742905,0.02915080450475216
1.2165193068930094e-05,0.05497157188627071,908.0151317698868,0.0170818530023098,0.0369286984205246,0.015259027481079102
0.0008966777555864142,1.550928066708836e-05,1867.4497418299889,0.01571361906826496,0.9093101024627686,0.6369085311889648
0.001891809430717352,0.00017790789192880988,103.4978585603746,0.014215816743671894,0.28958261013031006,0.361481249332428
2.617618772018753e-05,0.05622415790414085,1739.5531068943062,0.01688954420387745,0.03200666606426239,0.010872840881347656
0.01822389495754885,0.02333767335049565,1640.740157304698,0.011286153458058834,25.62066078186035,0.6093294620513916
3.759769043471171e-05,2.04740425142642e-05,328.9650841305761,0.015307593159377577,0.8815170526504517,0.626762866973877
0.00024066384878192925,4.266048625934329e-05,3194.600415300997,0.016067903488874435,0.7776079773902893,0.5844435691833496
6.025414789401288e-05,6.284741558094993e-05,959.7021321555242,0.015675418078899384,0.678127646446228,0.5471685528755188
0.1385323464820942,0.03516669257749097,787.5691671919112,0.007236006204038858,107.97241973876952,0.6621297597885132
0.3687076903541278,0.010144226111919086,864.8530292113684,0.9812373518943788,4.466881275177002,0.659903883934021
0.02919096575012945,4.450202025819989e-05,156.45101165298783,0.011686060577630997,15.811017990112305,0.6642454266548157
3.935987502622037e-05,0.016005912396102353,765.2809851636489,0.01627456583082676,0.02043989673256874,0.0025297801475971937
0.015724159236444917,0.06368223749050757,583.9480530234326,0.010840609669685364,17.48398208618164,0.6003956198692322
0.8227993669988022,0.06431718854958535,1970.615364896008,0.9872883558273317,0.6782892942428589,0.623788595199585
0.0021159648452532356,0.9643014292911786,1073.1442890205617,0.016163768246769905,0.030943315476179123,0.0075885457918047905
0.003474121583695197,2.850245455832068e-05,595.4465850940474,0.011528097093105316,8.450515747070312,0.6281201243400574
0.01344213992663646,0.0032323244256404456,151.12198829723724,0.010876082815229893,14.417691230773926,0.5874449014663696
5.361757131684724e-05,0.737346486533315,336.5700732437844,0.015957236289978027,0.01142789889127016,0.005718072410672903
0.0006077732786880013,0.008056362398614741,133.05467350031248,0.015475476160645483,0.006264547351747751,0.0003845691680908203
3.379776675698606e-05,0.004775355391501157,2483.6499975180936,0.016961434856057167,0.033526789397001266,0.012557825073599815
9.42657377197532e-05,1.334640915595284e-05,189.5132507965201,0.015087715350091456,0.914353847503662,0.6404008269309998
0.11412982203707243,0.05640919233678749,1210.6644473189249,0.009203932248055937,7740.740234375,0.6653153896331787
0.00031524383234087666,1.9614985700376853e-05,240.701041355135,0.015067646279931068,0.875277042388916,0.6281936168670654
0.0026012630520832612,0.6361338519701873,4936.326110021453,0.016677994281053543,0.08136685192584991,0.019748926162719727
0.05958886330879478,0.05480120527784324,683.8481528664744,0.9989619851112366,0.008379783481359482,0.6301325559616089
0.3118935369827256,0.00042353181147457346,355.946057564376,0.9973815083503724,0.2607608437538147,0.6663843393325806
0.503832911566499,0.08741024347596366,3033.9274537137285,0.8999048471450806,6.166050434112549,0.6083931922912598
1.8027581443526663e-05,0.0002581532199530602,221.33128889113183,0.015905510634183884,0.14743812382221222,0.2440624237060547
7.017965636507649e-05,0.009296021721260312,386.1116468290707,0.01686074770987034,0.011482777073979378,0.001138448715209961
0.38732506942625095,0.05887501359104878,360.37794016245704,0.995376706123352,1.5155863761901855,0.6274166703224182
0.11404938670721994,5.400943050185903e-05,1621.100976677896,0.999640166759491,0.004245847929269075,0.6666306853294373
0.01132145624764564,0.0008320240269536529,2630.508974868357,0.011248898692429066,14.871450424194336,0.5598176121711731
0.0011349450664476846,0.04111012487253451,329.9059489942291,0.015847237780690193,0.013377422466874124,0.0024274191819131374
0.00031713863329715095,0.0005203428369493343,210.45971153033165,0.01544308103621006,0.008325092494487762,0.04065791890025139
0.0019864337875805578,0.00018600694763398168,2103.3045851878205,0.01626470498740673,0.3077170252799988,0.3459661602973938
0.4978200917221248,4.2782342909971175e-05,111.3208740145853,0.8653812408447266,56.12412643432617,0.6666381359100342
0.01749325456902496,0.0001339784507250705,141.78349752869167,0.010333442129194736,15.877790451049805,0.6547317504882812
0.0603716144305995,0.07040921408737794,746.3071851234424,0.014223643578588964,631.2760620117188,0.5145187377929688
1.288485535777532e-05,0.0004070218026975934,3009.412478526748,0.017568033188581467,0.08376453071832657,0.08378394693136215
0.0002943117453439534,0.0009227211453366944,1809.1759159208789,0.016140099614858627,0.019158953800797462,0.003770033596083522
0.000709014964407356,0.038369238919446415,324.0210055724773,0.015752313658595085,0.01172708347439766,0.001483281492255628
0.009194233427735716,2.4991395723044663e-05,519.2573040068005,0.010293619707226752,18.544544219970703,0.66256183385849
0.00015971853038453994,3.619699093859762e-05,3137.0900070343437,0.015854332596063614,0.80557781457901,0.5967229008674622
0.01119984661607151,0.007447345698660082,446.64930238322535,0.010861449874937534,17.476497650146484,0.5980731844902039
2.524054668789617e-05,0.0003534081880391751,716.8529558576877,0.016146590933203697,0.06739942729473114,0.14338025450706482
0.4358644033103673,0.014587835775914642,3925.511870046402,0.04921901971101761,155.30352783203125,0.6569414734840393
0.006926097041806952,0.0023628799902598303,1582.941574001771,0.015173755586147308,0.5615260004997253,0.12239663302898408
0.013058932095369217,0.0004866798462643272,4463.265911084452,0.011271008290350435,10.03043270111084,0.5885568857192993
0.0004382000261974925,2.8950971758916007e-05,4391.852921473098,0.016092678532004356,0.8510372638702393,0.6107087135314941
0.00030938163687546606,1.5281607949842986e-05,9658.237890031643,0.01668199896812439,0.9557916522026062,0.6378021240234375
0.09242338764408628,0.11683283797140707,3284.259594905518,0.014355303719639778,336.44989013671875,0.8300366401672363
0.0005840440376447226,0.009747536652738267,715.2192250967012,0.0160411037504673,0.016121095046401024,0.002658367156982422
0.00457334663307409,7.581964027713008e-05,9121.435592990303,0.014223077334463596,3.849389791488647,0.5625886917114258
0.013513670518547384,0.2508022742761557,7251.888247778072,0.011524537578225136,12.01898956298828,0.5494019389152527
0.5395092207301212,6.941542773210838e-05,1384.8427278483175,0.9441571235656738,2.9359688758850098,0.6666203737258911
0.0005126355018917777,0.07170945836989621,1242.3514413038972,0.016162756830453873,0.019263189285993576,0.0040130615234375
0.16057382920964225,1.0198311189606625e-05,4292.495836040587,0.007770579308271408,404006.3125,0.6661515235900879
0.003505086800994316,0.22715872806329232,1206.842628100107,0.016414498910307884,0.03959777951240539,0.008975585922598839
0.1880748655860378,0.021830234256612464,100.15096029789406,0.999348521232605,0.008335348218679428,0.6521131992340088
0.004586357659293697,4.726507690845568e-05,1279.928702886798,0.015280304476618769,11.003955841064451,0.6158457398414612
1.5944457477644415e-05,0.0005969700198935287,1013.820630215808,0.016677649691700935,0.02989152818918228,0.013251861557364464
0.00044097674873169545,0.02437661347355359,533.8596407870012,0.015870146453380585,0.013108285143971443,0.0015637874603271484
0.011902841194061445,0.08547399811270084,5813.680679460915,0.011434690095484257,13.31294059753418,0.5541592836380005
7.084387751478024e-05,0.00011050538451115748,513.5537339607124,0.01569811999797821,0.4804977774620056,0.4623311758041382
0.2036820795869178,0.00026059484372825047,8255.113214477164,0.9989026188850404,0.020314252004027367,0.6664929389953613
0.00662513755685969,0.5397448050756264,7723.284017892184,0.016970910131931305,0.12759914994239807,0.014489492401480676
0.004634198857170352,7.931783531159602e-05,143.13665039024207,0.009376902133226396,30.883758544921875,0.632594108581543
0.002133907674484131,0.11679050020976192,268.49027253459474,0.015674801543354988,0.013304723426699638,0.0024156570434570312
0.08261135350131545,0.012920182987325331,3685.9853959979,0.9993867874145508,0.00506216287612915,0.6580532193183899
0.08140530507188455,0.16707907980687062,5390.813373792356,0.9993689060211182,0.03296589106321335,0.5552806258201599
0.008196297561156151,0.25849456319887737,279.19096637663864,0.011204668320715427,12.33956241607666,0.5535500049591064
0.0004936490256420188,0.02307220087488216,4712.32293743514,0.01698695309460163,0.04838414862751961,0.020310640335083008
0.0001005952198040843,0.005766841089970227,2136.8811351372597,0.01637902669608593,0.022404279559850693,0.004032929893583059
1.2851533590047533e-05,0.0019705539954697456,2467.410059043553,0.01767543889582157,0.061734262853860855,0.03317689895629883
0.2615369681820935,0.002736522063238132,645.4332929551149,0.9984833002090454,0.05788087472319603,0.6648423671722412
0.0005107679967955711,0.004895635848138835,337.2730540149027,0.01572939194738865,0.010631484910845757,0.0011181037407368422
0.0006458885460197587,0.18161234639987336,1805.0415258427795,0.016322406008839607,0.026299243792891502,0.008465051651000977
0.028521409813683663,0.10150063575069436,377.2923041633515,0.011413744650781156,10.79637050628662,0.621895432472229
5.6350497857398e-05,0.00011415941706527112,155.02734873299977,0.015113692730665209,0.4617868959903717,0.4555392265319824
0.0012672371735076202,0.0001970533177801072,3694.853114284931,0.016392584890127182,0.2746944725513458,0.32304519414901733
0.347187776087401,0.003337599941136026,1724.797020759018,0.9940643310546876,1.6450133323669434,0.6644415855407715
0.01054256090826646,0.0032539379207921996,163.89489812333423,0.010595115832984447,16.159574508666992,0.6232038736343384
0.00025818134188476324,0.5382479391908439,284.16713444711814,0.015685146674513817,0.007460885681211948,0.0007167657604441047
0.1124828159059633,0.3242124978770297,6275.908106915602,0.004205618519335985,35.168521881103516,2.082585334777832
0.04994464905793797,0.8245891605181355,302.3746309121491,0.016819331794977188,1.153669834136963,0.036349616944789886
0.006303965842489467,0.17313303596354324,5489.719962217445,0.016576522961258888,0.1191837638616562,0.0064693293534219265
0.0010340457631037277,0.02083412836793388,149.7040246977623,0.015634002164006233,0.00833752192556858,0.0007652441854588687
3.121320000573724e-05,0.005374172369650714,449.7976228770242,0.016199765726923943,0.01851955428719521,0.0022246837615966797
0.0003927488348592556,1.6212071937885323e-05,394.2391209331428,0.015385537408292294,0.8964079022407532,0.6348671913146973
0.23875646244051096,0.542152956565721,395.5350724827603,0.9985255599021912,0.3263222575187683,0.30523133277893066
0.04105117106783795,1.3163098416662756e-05,136.08917158342737,0.008623288944363594,2786.41796875,0.6651122570037842
0.001482037447214494,0.011335348248652007,899.5380802416634,0.01602066308259964,0.022952044382691383,0.006724834442138672
0.23783813842175,0.14212571316952655,499.33604735592235,0.9988203048706056,0.048571161925792694,0.5719162225723267
0.00020470547160199935,0.00320082875424199,173.22326329914046,0.015412406995892525,0.004826727323234081,0.00035572052001953125
0.0055398310380773115,1.1754617479619822e-05,4463.648155815583,0.014381758868694304,8.669790267944336,0.6528158187866211
0.2177779360093432,0.00016578849321444367,241.06501268706245,0.9989154934883118,0.019592614844441417,0.666556179523468
0.10372832056075536,0.0017371921458686028,1037.24484484141,0.999617874622345,0.004195927642285824,0.6655085682868958
0.034104135828685135,0.005460149785440702,8465.977149720162,0.03363044559955597,2209.93505859375,0.6353775262832642
0.009581517737603663,0.0008404380953449757,239.2118319988555,0.010650824755430222,17.748554229736328,0.6163345575332642
0.0005569545730308605,0.0003567398509766756,111.22373854115192,0.01523535419255495,0.04364348575472832,0.13713979721069336
0.24098960606387151,0.03732449619924767,966.5806842490344,0.9987838268280028,0.053918395191431046,0.6417837142944336
0.00048215854513989113,0.0004025010778571824,315.14465239561906,0.015609042719006538,0.029559485614299778,0.1018366813659668
0.0005932774748889589,0.011550654777524778,241.1403903887075,0.0157395601272583,0.009268739260733128,0.0008743604412302375
0.21141607375556776,0.0047809376061249236,4949.2667850579155,0.9988030195236206,0.02557353861629963,0.6634793877601624
1.2383242541107786e-05,9.781555910550842e-05,577.4148073866363,0.01608928106725216,0.5530459880828857,0.48500120639801025
1.7182645771425506e-05,1.3369395778811808e-05,3127.1239638691623,0.01701067015528679,0.9922590851783752,0.6404120326042175
0.9762206287101663,2.6466803731921455e-05,2022.4422566452347,0.9795141220092772,4.295032978057861,0.6666490435600281
2.4205968414190333e-05,0.00026021442425562357,117.57008163136663,0.015587398782372476,0.13485576212406158,0.2404019832611084
1.8163021161569705e-05,0.000403113743009673,111.8970154568912,0.015809698030352592,0.03518489748239517,0.10283653438091278
0.003839121546155693,0.029740480821872157,7750.851025620594,0.016843965277075768,0.09909316152334212,0.013909578323364258
0.6626757016280345,0.2537520296713835,6263.6234623942755,0.975339949131012,1.4385693073272705,0.497498631477356
0.000998989750121302,0.4665855167293598,594.5911777417244,0.015885844826698303,0.01682906225323677,0.004604816436767578
0.20027680456338876,0.0007551728051534103,179.4174600316152,0.9990503787994384,0.015998447313904762,0.6661632061004639
0.20470963953403548,0.0026517082909375696,577.5469818590877,0.9992108941078186,0.013046964071691036,0.6648988723754883
0.003517220775224052,0.004430102597235979,114.37134503691742,0.015099343843758106,0.013143839314579964,0.01657327078282833
0.0048530619786792675,3.185171279709933e-05,1966.7319265919352,0.015200825408101082,10.355695724487305,0.6312863826751709
0.4511968702803565,0.11923865469008382,811.0535921602021,0.018690243363380432,100.81053924560548,0.5871742963790894
1.0824307703695169e-05,0.00035715669247209894,258.4609207458308,0.016189100220799446,0.06707374006509781,0.13986794650554657
0.18266262963726632,4.319247099190565e-05,883.9125951376096,0.9994308352470398,0.009810779243707657,0.6666378974914551
0.19791898669159003,0.005225084323328346,949.2615190180304,0.9992056488990784,0.014924748800694942,0.663183331489563
0.09544619189571134,1.852855260511086e-05,2689.046034412953,0.999571979045868,0.00430301483720541,0.6666543483734131
0.03820058600782032,0.0005155022700441633,111.08272906311386,0.01167035475373268,217698.71875,0.659350574016571
0.0002476805578909649,0.0002442300923305453,279.30735822186404,0.018157796934247017,0.1519298255443573,0.2590526044368744
2.1501396635169197e-05,0.20887585049470017,559.6815302465801,0.01637076772749424,0.023145699873566628,0.003270864486694336
0.33977806538086547,0.18384793400992597,209.01573917309517,0.996199667453766,0.5555727481842041,0.5441014170646667
8.182449438796505e-05,0.014142975828647686,2426.551230307313,0.016490431502461433,0.024315720424056053,0.004974842071533203
0.06423340242639415,0.002355098306723593,4213.917772951153,0.008697106502950191,3202.3994140625,0.672566831111908
0.041535689145341656,1.0589882503736854e-05,6287.891412633768,0.0072198230773210526,0.3658349215984345,0.6643480062484741
0.0010527430439956791,0.00032066325668849506,3548.2799472387096,0.0165463425219059,0.10729070007801056,0.1654556691646576
0.043683479435164305,0.035422742915122964,385.1478024466393,0.01073460653424263,233.8565216064453,0.6223616600036621
1.9736812694579824e-05,8.545578100545118e-05,109.88341913958776,0.01552600134164095,0.5755690336227417,0.5060830116271973
2.0208231506666803e-05,0.03913608022350694,9018.290470180937,0.017984474077820778,0.0813370943069458,0.04439520835876465
2.3049519419894055e-05,0.0026212627481386336,6485.12042053993,0.01782236061990261,0.07043304294347763,0.038100164383649826
5.124339646837106e-05,0.12815046180463302,318.446255460672,0.015854772180318832,0.0112804863601923,0.0011092027416452763
0.023404085567946875,3.1457360834417014e-05,6844.69370507854,0.007281895726919174,2622.10791015625,0.6610591411590576
5.691307402555199e-05,0.3587779932923201,1014.9354430991608,0.01636047661304474,0.019752437248826027,0.002704143524169922
0.0008200799255970004,0.0004979513752869571,6313.997235296849,0.01708243414759636,0.07180459052324295,0.02837459370493889
0.13775252323697446,6.580552104113396e-05,4811.483187173449,0.0085725337266922,732890.5,0.6649665832519531
0.06221590090928489,0.03921206417118381,2769.7610009485866,0.008605905808508396,943.3334350585938,0.6529519557952881
0.766985302383313,1.40194387610937e-05,510.1719499268435,0.9748162031173706,2.1084673404693604,0.6666573286056519
0.7151394745546927,0.029104913593726432,121.08124698726972,0.9893051385879515,2.9308366775512695,0.6472634077072144
0.718466028926391,1.2232134312087422e-05,6028.995850073136,0.9802330136299132,1.0896812677383425,0.6666585206985474
0.2568419905425107,0.0003179874554083131,993.591926942146,0.9985920190811156,0.08991050720214844,0.6664546728134155
0.03561992424877672,5.002308382461517e-05,130.97449858500914,0.0118809686973691,12.968173027038574,0.6577008962631226
0.001320646510170854,0.00040166693242997434,179.83231545409836,0.01528825517743826,0.029285980388522148,0.10270285606384276
0.29333944996818845,0.00020502384796440532,108.86451130962736,0.9957799315452576,0.20014169812202456,0.6665300130844116
0.07104929134349365,8.288769461208017e-05,569.4081041935779,0.051495928317308426,12480.1650390625,0.662184476852417
0.0002987950831077527,1.622438993495607e-05,2166.872077710325,0.0158500075340271,0.907164454460144,0.6349256038665771
0.0845562182412472,0.0006206092152891729,205.65694769929155,0.00946509838104248,130318.4375,0.6664913892745972
0.0024135425519388005,2.8126895909761564e-05,7026.871826855616,0.016185296699404716,0.9419869780540466,0.6144781112670898
0.0021302785987221884,0.0018414178715564636,1290.2451684244677,0.016208456829190254,0.03306475654244423,0.011339029297232628
0.22257966876818597,0.1116359217988948,320.48234600447387,0.9986032247543336,0.04110995680093765,0.5922427177429199
0.007058478526757912,0.0004428124748162447,5525.665073827825,0.013472527265548706,3.755678176879883,0.3650965690612793
0.004181893084285109,6.94060292851262e-05,955.0611755134312,0.011968524195253847,8.734768867492676,0.5733761787414551
0.015458009068276024,0.0003376342467177574,112.92279583292007,0.01053677685558796,13.25308322906494,0.6385692954063416
0.002665792024530559,0.2965543219180995,1379.654980781948,0.016469072550535202,0.03980159759521485,0.010964076034724712
0.011464287202251908,0.0004656826564137529,2638.9501715669876,0.011008001863956451,16.736913681030273,0.5886943340301514
1.7627509176746802e-05,0.0013256148978893875,908.7109575786318,0.016684342175722122,0.028677724301815033,0.00841069221496582
0.20081818694954895,0.00201968704467144,1279.048968403143,0.9991810917854308,0.01602947525680065,0.6653202176094055
3.857446359952109e-05,0.016374265912253966,489.773861787512,0.016153385862708092,0.017202138900756836,0.001958608627319336
2.2987190087243935e-05,0.00014238779666288364,791.5879983567415,0.01599876955151558,0.39707648754119873,0.41030582785606384
0.002277593125125903,5.816633252275495e-05,645.2852388250301,0.015850776806473732,0.7181088328361511,0.5576270818710327
0.0748419286035288,0.018410541358755778,2508.797272175091,0.008830379694700241,5534.0185546875,0.6522449254989624
0.001924540325005311,0.013940291701429136,225.1491950468485,0.015835996717214584,0.01166917011141777,0.0019135475158691408
0.0007425375588527321,0.0014938758913738035,5229.22372930625,0.017117710784077644,0.0663997158408165,0.028701066970825195
0.13592616682764222,0.00010519193944299806,2655.141188633192,0.02334396354854107,1038924.0625,0.6647213697433472
8.857288938778714e-05,2.232292521298653e-05,1093.2690160221189,0.015687355771660805,0.8738970160484314,0.623184859752655
0.3905524576710902,0.14337521567924813,175.3792706054167,0.9935771226882936,1.833070158958435,0.5710831880569458
0.05527779460095976,0.10470941473437016,2705.434079783323,0.012762401252985,2060.565673828125,0.5550780296325684
0.0010649822688280973,0.050721087953020376,1062.605771408014,0.016053123399615288,0.022884175181388855,0.006741046905517578
8.70762459855542e-05,0.0016100660306779132,5162.470511362723,0.01692599058151245,0.03351728245615959,0.013444344513118269
0.002134154154976567,6.612333792281515e-05,222.3323472000749,0.014179879799485208,0.6577782034873962,0.5445692539215088
0.0155065809631049,0.010306961594357568,3554.0133576354488,0.011343036778271198,12.351770401000977,0.590396523475647
0.00016780117314032917,0.013211342390554864,3125.360601724797,0.016477132216095924,0.024836372584104534,0.006308317184448242
0.014144513587277776,0.06027265874234814,6111.736469853134,0.011526728980243206,10.805031776428224,0.5872600674629211
0.12478608410541528,0.00094447724469553,8858.378123559842,0.03233104199171066,642.61962890625,0.6603745818138123
1.2677135299237043e-05,0.16255725730302212,6867.48226610911,0.018044261261820793,0.08569362759590149,0.04720314592123032
4.542863352679476e-05,0.0008927238648359775,234.1421401678005,0.015804894268512726,0.010081629268825054,2.7179718017578125e-05
0.46873346851815834,0.008545950716721049,114.93355733728303,0.9647839665412904,13.044012069702148,0.6609693765640259
2.289318639069786e-05,9.965008107149912e-05,134.09686393225633,0.015533488243818285,0.5206090211868286,0.4811099171638489
0.1871877781401089,0.0006702711518975647,724.2016212450676,0.9995405077934264,0.008969107642769814,0.6662198305130005
0.000532929945233942,0.0017637249473374675,792.3522452060613,0.016006890684366226,0.01582702435553074,0.0032480559311807156
0.1486312184960223,0.00010632997107210857,1323.8729107801937,0.003791868221014738,14.119190216064451,0.6654459834098816
0.005703789310542988,0.0005757812197487752,4945.463787444696,0.015284672379493712,1.404798984527588,0.18956057727336884
1.711421772035356e-05,1.3168363957325392e-05,5887.283053679862,0.017516465857625008,1.0493172407150269,0.640705943107605
0.002933098688452952,0.0008102857918832253,2365.1708619333176,0.01646709069609642,0.05290806293487549,0.0036613941192626953
0.3497247198613802,4.6222739288151e-05,9083.011177402605,0.9937626123428344,2.7853267192840576,0.6666358709335327
0.1143270994882,9.688701835036497e-05,280.7019338056419,0.9996641874313354,0.004085729829967022,0.6666021347045898
0.042235716539079954,0.00013929458637967814,593.6887030732025,0.010748252272605896,35.785255432128906,0.6566921472549438
0.35734677594825415,0.5698264292233488,342.23527631405454,0.9962813854217528,1.06484055519104,0.286782443523407
7.149606271297669e-05,0.030037222568870727,123.66969008946892,0.01541802380234003,0.0042564100585877895,0.0005052089691162109
0.002240905000546505,3.094122548393309e-05,352.7103648620565,0.014915650710463524,0.8279352784156799,0.607479453086853
0.0026223424401613992,0.0009001280896214711,9006.552555623197,0.017026985064148903,0.11539175361394882,0.04119213670492172
0.002299018691903364,0.7679642218935161,1383.9851350467911,0.016333922743797302,0.03873896598815918,0.005106528755277395
8.055955152570702e-05,0.0020659693148022567,202.9113552331853,0.015575753524899484,0.00615378562361002,0.0005163351888768375
0.05255696686922765,0.0003058695932742643,2211.4212002211184,0.009475935250520706,325.7131652832031,0.6360988020896912
0.08467951910880671,0.6582733253423457,1624.5274377485516,0.9994636178016664,0.4383419156074524,0.2278178632259369
0.10194318173196698,0.11946518662020846,4346.563259573454,0.010846810415387154,14673.7353515625,0.6517072916030884
2.043935013252936e-05,2.380137200710324e-05,637.5210245902234,0.015882110223174095,0.8788661360740662,0.6204738020896912
0.8286231007258187,0.017319545137170475,211.82353690474247,0.9850986003875732,2.2857868671417236,0.655120313167572
0.0606592009499743,0.11106571027596213,2721.120155694193,0.013747370801866056,9134.0029296875,0.5891422629356384
1.627591893314288e-05,1.025185677841966e-05,150.58590980131538,0.01564888469874859,0.9412291646003724,0.6465729475021362
0.05122853054656201,0.000916067687445323,463.9262145823928,0.01699330098927021,20.43074607849121,0.5344676375389099
0.0037951577014529608,0.4920566816163834,1688.5433014659825,0.01671891286969185,0.042946282774209976,0.013759931549429892
0.10182579350994447,0.007459659867587517,1747.6570950552473,0.15446913242340088,34412.34765625,0.6154229044914246
0.09180992019065971,3.256829241256633e-05,813.7540476945583,0.9995993971824646,0.004035804886370897,0.6666449904441833
1.5914743071045705e-05,0.0013027614729371573,250.27755004530752,0.01626097597181797,0.020707139745354652,0.0029373965226113796
0.000338287628629484,0.4556802472822936,105.05631496024496,0.015344472602009772,0.004105139058083296,0.000347137451171875
0.04364426115677288,0.00024216849552601724,2623.3007227342796,0.00989812519401312,72.44274139404297,0.6416991949081421
0.007337919567883069,0.4144950115442389,725.9410535524094,0.01550482865422964,0.02248871698975563,0.017371734604239464
0.0019462780960126725,0.006133766805747034,2376.0522178563087,0.016478830948472023,0.04341552034020424,0.015891870483756065
0.013965884320620906,0.0007323130061454464,3423.1699190157046,0.011285432614386082,10.344868659973145,0.5913300514221191
8.4744883317848e-05,0.038618769546514595,3491.6189701141943,0.01668449677526951,0.027713552117347717,0.007879495620727539
0.010725372049750385,0.0058974001933632435,1097.0698622987495,0.011153241619467735,14.38762378692627,0.5647212266921997
0.007579430804190026,0.0033388004459377575,6532.895947448538,0.016004804521799088,0.3585455119609833,0.08875267207622528
0.0962533864853583,0.0004597831932378827,2533.3310856412595,0.9995777010917664,0.004286839161068201,0.6663601398468018
0.003707604218742697,0.4488481034949825,317.58350456827543,0.01570640318095684,0.010019703768193722,0.0012300809612497687
1.8749754592871373e-05,0.046791404289418595,154.9273960477593,0.016040250658988953,0.015420871786773205,0.001796166179701686
0.034416410405012546,1.0985231582209847e-05,353.40328089011933,0.011011452414095402,128.67205810546875,0.6646794080734253
5.834322585681334e-05,0.00010394231987489984,3114.917515580825,0.016069278120994568,0.5256388783454895,0.4743002355098725
0.037501736361487646,0.00012032675955095102,9579.017263014452,0.012437896803021433,506.3863220214844,0.640899658203125
0.2023793145540791,0.0019001259204423776,265.37691154649747,0.998848557472229,0.01947827823460102,0.6653999090194702
0.0064884611870059655,0.00018423186943233616,1157.752946501044,0.011197390034794807,14.260772705078123,0.5710124373435974
0.0005130941517442273,0.00015770480978044408,4276.595024213144,0.016538994386792183,0.36493635177612305,0.3829417824745178
0.0017570703283718255,0.26756839051552894,142.2110773467011,0.015432746149599552,0.008859365247189999,0.0009599527111276984
0.001154979359229253,3.7201436081629464e-05,547.5351733511703,0.015600861981511116,0.79192715883255,0.5947952270507812
0.04373905420329768,0.7346456417770543,6359.766849386133,0.010958844795823095,108.50946044921876,0.43596118688583374
0.012482372686833334,0.7411977922660572,556.5833571922241,0.010864968411624432,16.685863494873047,0.6050585508346558
8.121354092921553e-05,0.6124992207175162,395.79019801412255,0.01584622450172901,0.010242844000458716,0.0009410381317138672
0.9795582600725394,0.08848765121812897,128.81407137949486,0.9947372674942015,12.615721702575684,0.6076749563217163
0.14245831002022727,5.3569727258290985e-05,1080.8011029169104,0.9995726943016052,0.005444895476102829,0.6666309833526611
0.0028518097081387224,1.3201189665036904e-05,144.4375078478389,0.010602924972772598,7.661318778991699,0.6576229929924011
0.0021384213189446413,0.05012073345332018,624.5781003654615,0.01602097973227501,0.023366020992398265,0.0060872239992022514
0.4772572967483985,0.000398611648990986,162.28961945112746,0.958018958568573,12.454487800598145,0.6664009094238281
0.055170532755456005,0.062054145564066264,121.44500693715104,0.014231850393116474,1.008665680885315,0.1908082216978073
3.6389067088900285e-05,0.0042713744310371084,3602.2730375335727,0.0172138512134552,0.04086148366332054,0.018559616059064865
0.02253177922933684,0.0025142452094570516,117.8421714110629,0.01192382536828518,11.119893074035645,0.6138277649879456
0.010369891060307257,0.33382602208041234,2336.2508845787224,0.012327476404607296,7.55230188369751,0.4521080255508423
0.8278999964630614,0.0013592839715979843,1541.0367516711894,0.9871920347213744,0.702237069606781,0.6657605171203613
0.4078696714581073,0.0009623988630198336,1603.991080956596,0.8764163851737976,19.996673583984375,0.6660251021385193
0.7441279557532086,0.001724793789635901,1022.9344230946664,0.9869105219841005,0.5537749528884888,0.6655168533325195
0.008566667036053695,0.014156209150088353,2198.864002485936,0.01407571416348219,2.3785107135772705,0.2633652687072754
1.3565138003737732e-05,0.08835276161809792,1664.5465211947458,0.017436476424336433,0.049720264971256256,0.024626415222883224
0.00010085100344933033,0.10935611312834244,347.79866545568376,0.01575426571071148,0.008704382926225662,0.0007596811046823859
0.18480824933069795,0.0006671874772260292,1566.2512483121338,0.9993102550506592,0.01106878463178873,0.6662218570709229
0.019627950266814825,0.0023826107667195774,2553.9288404229646,0.01100118923932314,10.57453155517578,0.6183507442474365
0.008069681212080026,0.0007709426681216252,521.6334017401158,0.010854545049369335,13.982864379882812,0.6013108491897583
0.0015271582566573324,0.052148829513847625,8458.215229113848,0.0173504501581192,0.11563655734062196,0.04477890580892563
0.00021694920985539963,3.527221866800231e-05,183.3360129012332,0.014806016348302364,0.7974323034286499,0.5980744361877441
0.030552007199826137,0.0004231906362531997,5968.161627893825,0.00931617897003889,1954.1563720703125,0.6537193059921265
0.00048404708444130327,0.02572911521786815,361.9147682734349,0.015754299238324165,0.011036835610866548,0.0011636416893452406
0.8881059159076119,0.11543908594258338,4356.018274913933,0.9781301021575928,3.254908800125122,0.5897073149681091
1.700215912247206e-05,0.24449962948264048,327.33436006723997,0.016297582536935806,0.021479930728673935,0.0028807322960346937
0.019817104107598085,4.2674484256084984e-05,158.18724437382278,0.010219085030257702,72.64179229736328,0.6644222736358643
2.637905430335995e-05,0.0006903964396220291,808.3687290008806,0.016342736780643463,0.0233425535261631,0.006059169769287109
0.0002228045903675793,0.17228627917801434,2835.899415814598,0.016355987638235092,0.02288832701742649,0.005218347068876028
0.15342769310753276,0.26990891416851476,4594.844567978942,0.9994030594825744,0.07932968437671661,0.48672741651535034
0.010208894865210675,0.00017548182818886754,161.38600198226723,0.010333826765418053,18.573606491088867,0.6499345302581787
0.0014714097131507035,0.00022439462217746088,1332.851846557557,0.016115892678499222,0.20784902572631836,0.28781574964523315
3.396784195805305e-05,0.0815461433494647,1223.1753833266766,0.01647162437438965,0.02512752264738083,0.004129648208618164
0.0006094063898909563,0.007424465364841354,147.5464816735015,0.015507051721215248,0.006624757312238216,0.0004335244593676179
0.010081284847206516,0.00019765837448646316,6108.286200755189,0.011614427901804447,9.377752304077148,0.5645286440849304
0.0392370721455251,0.0005130750666149103,114.17708268553277,0.01480475626885891,62.39013671875,0.616668701171875
0.04436303004573421,0.0025528870952587195,2812.0244598230915,0.012199337594211102,45.542720794677734,0.4876311421394348
0.003342447903597926,0.057196250790142705,4660.988585448626,0.016722654923796654,0.08046098798513412,0.01140141487121582
0.0010050497425414895,0.059506363408303745,247.0740822307241,0.01570027880370617,0.010716622695326803,0.001450618146918714
0.0005199187234354557,8.508562859455645e-05,694.1634558126041,0.01559020858258009,0.5754129886627197,0.5066320896148682
0.00908527120201765,0.0006462197908399949,5311.190009469102,0.012139858677983284,7.261984825134277,0.47164401412010193
0.0005405434528776199,0.0017173914937476686,160.5088004605345,0.015591789968311788,0.00664165522903204,0.0005553563823923469
1.1155199562758578e-05,0.00015716157543685562,217.35370892103964,0.015972580760717392,0.3531808853149414,0.3866915106773377
0.14199408045180398,0.004720859647646679,322.44494557126467,0.999580442905426,0.0054157148115336895,0.6635194420814514
0.002911386493717472,2.468204420735682e-05,4496.5334615019365,0.01503174751996994,1.4598884582519531,0.6222407817840576
0.6557405499182062,0.0013716043432834089,238.13959578005327,0.9574695229530334,6.83091926574707,0.6657522916793823
0.00013948813257599115,0.12560877941504242,5681.687084632661,0.016881344839930534,0.033711027354002,0.012763897888362408
0.0008745770789698702,0.6699803830248791,154.53553928135278,0.01548832468688488,0.00806406605988741,0.0003100236353930086
0.046644719928475555,0.0009547523130599508,1713.8761844698563,0.012526177801191809,10.858595848083496,0.4756772518157959
2.505927001860043e-05,0.007342766934005986,166.7743365339723,0.015969164669513702,0.01350338850170374,0.001519918441772461
0.04575506034396165,0.0008546993072321503,5513.237143975933,0.009503300301730633,140.81442260742188,0.5871341824531555
4.5923922509983856e-05,0.04174124966454709,6116.633979135414,0.017447099089622498,0.05030367523431778,0.024800777435302734
0.000336290105796025,0.01560836816567596,175.8251473310085,0.01543107070028782,0.005796315614134073,0.00048828125
0.0016511259379453234,0.9139660670142764,452.4471080192488,0.015940818935632706,0.018189894035458565,0.00838963221758604
0.002245482365658318,3.611632673751254e-05,5164.844019882799,0.01612730883061886,0.8723079562187195,0.6012734174728394
0.0076777797592412515,0.18564434037357347,5680.972997195557,0.01603204943239689,0.3186977207660675,0.0846567153930664
0.003705144485798782,3.309200993987879e-05,1517.6434957651447,0.014250515028834345,5.243529319763184,0.6190428137779236
3.159039749205534e-05,0.0030591663229750233,448.5861916971376,0.016195790842175484,0.018405715003609657,0.002225637435913086
0.0042037519796378825,0.0327552177402844,106.78949423807528,0.015024635940790176,0.005658826790750027,0.010755062103271484
0.002482421683580907,6.664679477435261e-05,348.3165707244171,0.0153648117557168,0.7943696975708008,0.5458441376686096
0.4120994673700345,0.25395460826609867,3218.0880875844077,0.8309605121612549,39.09462356567383,0.4973636269569397
0.4590590392698386,0.2093040271737189,6536.260778466704,0.5453108549118042,51.04670333862305,0.527130663394928
0.0023802224211610886,3.33872526074989e-05,1592.7410366614388,0.015994608402252197,0.8590608835220337,0.6066706776618958
0.11261728189283844,0.0011549579886322716,992.6224456855774,0.38284003734588623,28.905607223510746,0.6586922407150269
0.0009252164404665832,5.836399973617019e-05,4777.407905205123,0.01657722145318985,0.7448422908782959,0.554384171962738
0.02502364294138389,9.000439624494913e-05,3669.097873086856,0.01097272802144289,11.758206367492676,0.6525756120681763
0.00874842044880005,0.00011920759604489032,473.3731569742815,0.0103791244328022,18.047239303588867,0.6497485041618347
0.7020384288461069,0.006963737033600726,1462.278621170915,0.9849773645401,0.5954023599624634,0.662024199962616
0.6119603447035534,0.06917664234419,9112.207895349282,0.966119647026062,2.090914487838745,0.6205489635467529
0.0026711140586628004,0.022153426065861983,9380.582216445577,0.017084259539842606,0.12619471549987793,0.03708259388804436
0.1685490244179224,0.00039099191177060025,1373.3178826148037,0.99942547082901,0.008096618577837944,0.6664060354232788
0.35367474010992006,0.00046992774237679977,220.19898384674408,0.9952073693275452,0.8166717290878296,0.6663534045219421
0.003832448924642341,0.000536428237418815,7036.226689346076,0.016524579375982285,0.18946710228919983,0.07972097396850586
0.05928686576147043,7.896407494720611e-05,665.1901370220205,0.007938841357827187,25.82171630859375,0.6427620649337769
0.002572281648605462,0.10481095040832313,890.8835830773825,0.016182322055101395,0.031601931899785995,0.00885518454015255
0.003076121401146052,0.0015060285725059712,1267.749239362381,0.01639719121158123,0.04020775854587555,0.010884761810302734
0.00016795765917657055,0.15389504127996187,632.8330126000343,0.015937110409140587,0.012074314057826996,0.001107851741835475
0.06445055557726334,4.024417956477971e-05,436.0602178560334,0.006857770029455423,2932.837158203125,0.6605287194252014
0.10260612275292544,0.0012568200734978316,215.9146609095267,0.9996803998947144,0.003682002890855074,0.6658288240432739
0.0008742107586337751,0.0011248297660210653,927.7927266335704,0.016046149656176567,0.01839492842555046,0.005619605537503958
0.004010925098140501,3.102062453348081e-05,103.7063925092903,0.01052968204021454,10.321907043457031,0.6549153923988342
0.18019890570395855,0.00020797340892482217,1852.112277973795,0.9993448257446288,0.01007078681141138,0.666528046131134
1.2322397066811153e-05,0.00036668021090102297,5400.941491148195,0.01784130372107029,0.12187717854976654,0.113123819231987
0.001018611324100884,0.041936243863432414,1170.7447686125013,0.016166921705007553,0.02333511784672737,0.007011095993220806
0.2118776591205945,0.00012295617237049388,7957.24042736286,0.9987969398498536,0.02595478855073452,0.6665847301483154
0.0038662870574059137,0.00018813642554240016,1529.3225110686792,0.014906101860105991,3.774864196777344,0.4237450361251831
0.0032844422906003813,0.008046565299196028,2337.011761787247,0.01656332239508629,0.05750349164009094,0.009442965500056744
7.43837384439845e-05,0.02004359062438381,9245.650836265157,0.01749962754547596,0.05225339904427528,0.025871753692626953
0.02426643108840004,0.0348699932722327,180.3404302932466,0.010753258131444454,417.5614013671875,0.6026046276092529
0.0137549778713751,0.5176554842910014,165.39521685900647,0.010608945041894913,16.699153900146484,0.6200210452079773
0.10630224764863572,0.0021136026855772634,2339.090928863545,0.022460313513875008,727.5650634765625,0.6549280881881714
0.058194435442623454,0.38601250017126015,594.5926311096988,0.013942702673375608,2574.47509765625,0.3038298487663269
0.002583003302301715,0.20886885387345744,808.2294571419415,0.016312777996063232,0.02949891984462738,0.008346160873770714
0.04894728948955229,0.0007355583800293157,3846.6583180956072,0.012079830281436443,316.48187255859375,0.5931640863418579
0.00013764212364585443,0.07653647125503296,745.3166375268091,0.015979116782546043,0.013530365191400053,0.001321951625868678
0.127730385444062,0.04396201400346152,152.18605325545292,0.9996726512908936,0.006192650180310011,0.6373586654663086
0.48811054392210057,0.00521424111820507,341.1569333528886,0.940360963344574,14.785197257995604,0.6631905436515808
0.20600750184935032,0.0912618643237986,4857.125652646245,0.9988732933998108,0.029485955834388733,0.6058254241943359
0.002315837361562091,0.0048844107337279365,895.7059129333204,0.01621030457317829,0.029890958219766617,0.008632819168269634
0.003716473532509827,0.053767422659942374,881.003762901181,0.016206445172429085,0.026767484843730927,0.008765856735408306
0.1714323050753776,0.16588181924644468,166.92786476442913,0.999388575553894,0.035812199115753174,0.5560787916183472
3.888780076150978e-05,3.75633324991587e-05,3197.5823833809254,0.016132263466715813,0.8188924193382263,0.5942180752754211
1.253962923849033e-05,0.1310388245244977,4933.83883145345,0.017965618520975113,0.0799526572227478,0.04369314759969711
0.010144124162438189,0.0001028880630739141,583.1835021815533,0.010476749390363692,21.05545997619629,0.6481068134307861
0.023155406819731324,0.00033618087030978637,6326.08956379561,0.008440498262643814,56.080997467041016,0.6548334360122681
0.018001117081392903,0.0012057242378468124,2808.988055673638,0.0112870205193758,25.788650512695312,0.606399416923523
0.5466543953410482,0.5433604461894076,178.53187466511255,0.08239683508872986,162.17034912109375,0.3044264316558838
0.0016872597171204951,0.059675769197006574,115.93983425036944,0.015620138496160507,0.007663391064852476,0.0006225109100341797
0.3342057191545212,0.01680746945626944,297.543269830814,0.9959626793861388,0.5347487926483154,0.6554616689682007
0.057602939581283624,0.0001925416667267287,700.949368928781,0.01547382678836584,107.70121002197266,0.6599900126457214
0.12593269705913787,0.0005765586850700551,905.238477859205,0.9996290802955629,0.0045614964328706264,0.6662822961807251
4.459644595299722e-05,9.521361404533088e-05,2309.9778517289287,0.016067607328295708,0.558687150478363,0.4895295798778534
0.13771311071032186,0.0221124534719048,129.0766375862879,0.9996095299720764,0.005641527008265257,0.6519250869750977
0.23240164298876076,0.0002200806781669404,1729.4814331217412,0.998878538608551,0.0401446521282196,0.6665199995040894
0.24757902681760396,0.0011895930090584917,6001.225642846815,0.998262345790863,0.08835629373788834,0.665873646736145
0.05277849845257837,0.00034420055153261804,1289.8255405228497,0.012526266276836395,378836.21875,0.6562703847885132
0.0027335885965130593,0.0003868822204664798,4431.497301914242,0.016272326931357384,0.11223600804805756,0.13174113631248474
0.00016178396931099985,0.0005506129997646384,9601.47397931211,0.017011210322380066,0.04351560026407242,0.018288295716047287
0.000858284167026761,0.01810352729347085,662.6549770795652,0.01591307669878006,0.016504401341080666,0.003457625862210989
0.001522009325621715,0.04119137643088133,1139.1984161429978,0.016088051721453667,0.02558569237589836,0.00793782901018858
1.1293662636205948e-05,0.0008007344407908097,171.46370732117717,0.016252078115940094,0.021392162889242172,0.00017762184143066406
0.01983985781855664,2.027319478278844e-05,2998.003249898456,0.010704640299081802,11.540541648864746,0.6611395478248596
0.001267490148677263,0.00019894603653257604,1077.2705477862298,0.01585852913558483,0.24463704228401184,0.32292503118515015
0.19661768029873336,0.383274376326618,103.13531637603718,0.9990248680114746,0.15762941539287567,0.4111504554748535
1.7915015322310393e-05,0.01198408728822777,113.73942896208524,0.0159611776471138,0.014096726663410664,0.001651763916015625
0.0006892169901041882,0.025271765398565724,119.79436391396848,0.015526212751865389,0.006048507988452911,0.00030493736267089844
0.0001297291084336544,0.21847073863126645,3129.283539603706,0.016492705792188644,0.024841446429491043,0.005854447837918997
0.0010676293771258393,0.0049497992392761305,429.7697567379115,0.015792353078722954,0.014493504539132118,0.002942323684692383
0.08507718258864369,0.5829409598796458,4088.0219637270297,0.008664566092193127,2926.931640625,0.6482946276664734
0.0015205690544859815,0.06794341185687332,122.9256788708168,0.015376572497189043,0.007962045259773731,0.0007576942443847656
0.00022684776252178965,0.0037792451470196626,691.6967181367796,0.0158877894282341,0.012658259831368923,0.001262187957763672
4.264512368781233e-05,4.593011720143794e-05,2599.797344441726,0.01600920967757702,0.7731212377548218,0.5785947442054749
0.0010949216098110775,0.04995177566033454,366.5585188515078,0.015756413340568542,0.013593158684670923,0.002476056572049856
0.14054704553420144,0.00010488559015526686,130.31486562210378,0.48183831572532654,36042.13671875,0.6658080816268921
0.16372377888013748,4.494973133580518e-05,4934.889576317572,0.9993211030960084,0.008289381861686707,0.6666367053985596
0.005834150048150881,0.9352497672566548,2321.375632222391,0.01625991240143776,0.09804431349039078,0.02881058119237423
0.02576473028528507,0.3178850120188693,265.0414208488197,0.012139717116951942,9.781112670898438,0.6032562851905823
1.9589834393362575e-05,0.01238457704027132,104.08361782492658,0.015887977555394173,0.0125840175896883,0.0014235179405659435
0.0003683064900580749,0.02039703481988923,109.81141808599156,0.01525400672107935,0.004308544564992189,0.0003241698141209781
0.006197451058094019,0.8124385300069112,4280.0911916445,0.016527831554412842,0.11602327972650528,0.012012561783194542
4.347534650402877e-05,0.00023690309590526336,561.0470511500729,0.015989165753126144,0.175568625330925,0.2709411084651947
0.0033064889043160454,0.4658928793666019,6484.267209794445,0.016768803820014,0.09683233499526978,0.014488141052424908
0.00022023848609718544,0.02819137962816778,5594.679358773781,0.016824843361973763,0.03492177277803421,0.013373772613704205
0.05623144629170329,0.003543344955932668,100.52255027892896,0.016024133190512657,1.1826950311660769,0.2411271035671234
0.0050423451574751815,0.9614160001183863,783.8875095134933,0.015940789133310318,0.018116042017936707,0.0030260086059570312
0.2115061309956926,0.001782801138538122,216.66698445548352,0.9989442229270936,0.01766112446784973,0.6654781699180603
0.03441388121594357,8.480578469894476e-05,4857.408387797702,0.01595437154173851,156.9014892578125,0.6355556845664978
0.005170488670845569,0.0004366431771927319,7888.152128778851,0.015560775063931942,1.209204912185669,0.22050993144512177
0.005499943030128981,2.210114516072063e-05,619.2211679674369,0.01515626534819603,15.752703666687012,0.6565688848495483
0.14158437935980395,0.5156621788402787,419.606533999424,0.014382305555045605,0.07357081770896912,0.6573586463928223
0.034594352790551314,0.006912083003202093,873.0845486688947,0.011097111739218237,1316.154541015625,0.6515240669250488
0.00400325362814698,0.021024944294553236,2367.77592609803,0.01670861802995205,0.056629713624715805,0.01596665382385254
0.013728417260687817,0.00016316383097783653,130.98507572799204,0.010320833884179592,20.036357879638672,0.6499741077423096
0.00018156722218116644,0.0049479724096042925,7688.853071613143,0.01705268770456314,0.04269871488213539,0.018186014145612717
0.0018746863628359672,0.00010105442172028968,427.0515166524798,0.016048531979322433,0.5324744582176208,0.4801071584224701
0.0008594802306041631,0.31462985296777557,141.41867052939872,0.015624362975358965,0.007644933648407459,0.0005897681112401187
0.008261829511181092,0.003167269054955602,7561.218810434442,0.014940096996724606,1.1563377380371094,0.21229426562786105
0.0902072699767894,0.01676289729324749,130.7440463210107,0.9995799660682678,0.004363266751170158,0.6554914116859436
7.450196841603599e-05,0.11833767388737282,1086.16135825767,0.016228187829256058,0.01871713250875473,0.0024906795006245375
0.2850841751251731,0.00015912249828030288,2551.921573167297,8.5155334090814e-06,0.27891531586647034,0.6665055155754089
0.0613731162148087,0.006606768363383266,306.5794779218046,0.009008928202092648,21042.12890625,0.6674589514732361
0.0032064425166119077,2.0370619040043713e-05,1806.4002730518664,0.013171324506402016,4.731179714202881,0.63226717710495
0.009776059866600677,0.00018663157031382233,1647.2041077808965,0.010898659005761148,16.579204559326172,0.612820565700531
7.663267821946661e-05,2.864429736906315e-05,3660.1054406462154,0.016538945958018303,0.8540935516357422,0.6112706661224365
4.0862093802686446e-05,0.0639788295087087,4900.4617171511745,0.01737133227288723,0.04690815880894661,0.02255638502538204
0.28789297394642344,0.00010747882980705074,1585.5280298582468,0.9981045126914978,0.2502291202545166,0.6665950417518616
0.012792818866119451,0.010063803181419528,568.3574150441433,0.01080484874546528,18.869403839111328,0.6044421792030334
4.4598989558108255e-05,4.5700004715684216e-05,430.0681967316742,0.0155491316691041,0.752863883972168,0.5787679553031921
3.836457967042056e-05,0.5008119931469067,5494.565897870454,0.017489325255155563,0.05217541754245758,0.026065826416015625
0.7936766685393025,0.23181695630965585,551.2939728713116,0.977142870426178,2.0266172885894775,0.5121220350265503
0.00023134239954612003,0.00017513330270424294,537.0518557458762,0.015566106885671616,0.2861109972000122,0.3568227291107178
0.003753891488170835,7.742709293821438e-05,169.0966840167456,0.010723358951509,11.028151512145996,0.6282703876495361
0.44689302351522175,5.740689133087928e-05,2110.7757747985997,0.18896405398845673,81.83451843261719,0.6666284203529358
5.626204895338815e-05,0.01912221093310071,343.4405715970969,0.015879781916737556,0.011295277625322342,0.0011200904846191406
0.03847758776154151,8.638435239587678e-05,6550.000427532598,0.016215264797210693,9702.478515625,0.6555218696594238
0.010022909047250696,0.0001851174830200965,366.64282259192873,0.010484950616955755,19.665706634521484,0.6398071050643921
0.08442987235689697,0.0028016910569974855,8645.225604533342,0.26298680901527405,33446.08203125,0.6585842370986938
0.4055003260012057,0.2922869266793331,961.2056598059304,0.895284116268158,16.817705154418945,0.4718087315559387
0.000142065960158045,0.26310008956665143,6166.5565172531615,0.01697409525513649,0.03773180767893791,0.015268882736563684
0.0031990841888720886,0.00131428955293199,147.64334318349137,0.015632115304470062,0.11412391811609268,0.04731520265340805
0.020396865527954916,0.000224765184892419,100.61349166258655,0.010703188367187977,17.690887451171875,0.6068131923675537
0.0003060401782757976,0.0005062943575429387,315.80293940249436,0.015582000836730003,0.011097047477960588,0.04578733444213867
0.03090861701935894,0.0031419991016711124,859.1789594279063,0.010549639351665974,16.233430862426758,0.6563645601272583
0.0002178470123028329,0.0005993366163021336,126.71049123129526,0.01527278497815132,0.00412737438455224,0.020511310547590256
0.0696999461658094,0.0016398635272145046,3708.625082136942,0.01165919564664364,70.16393280029297,0.6350327134132385
1.938433149234797e-05,0.09296755866046356,480.61555095644593,0.01636592485010624,0.02306853048503399,0.003277063369750977
3.423017073140745e-05,0.004149451402944702,235.12087553086485,0.01596910133957863,0.013036422431468964,0.001414696453139186
0.005794080344247882,0.032207138947232136,228.8019821612189,0.015331290662288666,0.006614059209823608,0.008120219223201275
0.000738592171914664,0.001973874428037284,223.2801629666642,0.015605928376317024,0.00917977187782526,0.0011153221130371094
0.22393854102271293,9.20774174617876e-05,1381.4332870703097,0.998966097831726,0.030767885968089104,0.6666052937507629
0.009193051415995355,0.05879887345239571,2695.6078333011337,0.013212797231972218,4.588831424713135,0.3581079840660095
0.44836950159248695,1.0913695357183678e-05,376.7492321981836,0.983895480632782,5.477171421051025,0.666659414768219
0.00889201238997626,0.3335908800875505,633.6333879549866,0.01153025683015585,10.532525062561035,0.5256506204605103
0.023273091147302354,0.002148194530532349,415.0244364050641,0.01062337215989828,63.1366081237793,0.6584360599517822
0.0006604496733682597,8.907965848010362e-05,103.24583210601824,0.015087776817381382,0.5540952086448669,0.49887213110923767
1.4573820830546216e-05,0.001581708342488784,1271.5206353046983,0.017143461853265762,0.038724418729543686,0.018004417419433594
3.54937190919396e-05,0.008607145306226784,255.36445806801825,0.0159778855741024,0.013152522966265678,0.0014069080352783203
0.006506764211382484,0.685057091656089,133.93450830340245,0.015259447507560251,0.006779531016945839,0.009670814499258997
3.1912191629678836e-05,0.00024226310445917733,593.432731080064,0.015944024547934532,0.17184647917747498,0.2643870711326599
1.15858387778322e-05,0.004360607117170007,6569.510382078178,0.018053991720080376,0.08644001185894012,0.047803640365600586
3.883200435860251e-05,0.008704436006768469,4991.534802641944,0.017416294664144516,0.0488373227417469,0.02394954487681389
0.6965362587866886,4.793317907411899e-05,988.090493015401,0.984609067440033,0.6081525683403015,0.666634738445282
0.003606724986131025,2.2730184874831807e-05,214.8302625990034,0.011697625741362572,14.21247100830078,0.6493984460830688
0.019852824235152017,0.0010451750565894666,409.97530890157554,0.011311336420476437,20.72702980041504,0.6020240187644958
8.371108125057388e-05,0.02761240381173402,8700.073115780913,0.017353441566228867,0.04753727838397026,0.02254478260874748
0.0006120677754309241,0.00020474359309182025,3858.545999645976,0.016390804201364517,0.2475053668022156,0.31105107069015503
0.00024978640540472666,0.30834054587221266,4288.46185065683,0.016650430858135223,0.03031495213508606,0.0103584136813879
0.002783836401289106,0.0002116286371049092,1989.2660802263847,0.01561427302658558,0.5750764608383179,0.33317336440086365
3.070507092806343e-05,0.0002132885374163054,3691.124290725512,0.0167645625770092,0.24352087080478668,0.3004733920097351
0.1455907836675982,0.0004772987955241161,126.24292884657731,0.9995982050895692,0.00531203905120492,0.6663484573364258
0.02026390604134363,0.00019126707999877676,5972.065929845555,0.01085613016039133,11.001338958740234,0.6210721135139465
0.0011844755503480529,1.454707451999989e-05,2108.6561360821433,0.015868516638875008,0.9180582761764526,0.6382023692131042
1.7974006709475038e-05,0.0001697207224380754,101.47312537712408,0.015606669709086418,0.30546459555625916,0.36617738008499146
0.01399236353106757,0.00011213263951212245,837.5201511028063,0.010710284113883972,18.869112014770508,0.6414090991020203
0.008870961457621175,0.0248257341227584,2101.3665293542904,0.01373725850135088,2.9385998249053955,0.29612869024276733
0.0006617452337569236,0.4938383489741042,107.88084228005688,0.01541889738291502,0.005909505765885115,0.00031876564025878906
0.03866196720452491,0.0005921072444685384,1733.4656975321057,0.011724970303475857,25.34817886352539,0.5451250076293945
0.010848790242279195,5.674459639324174e-05,434.0815311352793,0.010257657617330551,23.33003616333008,0.6555441617965698
1.728961623200177e-05,0.00019735676184716553,204.39099025311617,0.015848258510231972,0.24986201524734497,0.3256182074546814
0.0021290431035014745,0.03792597988571068,367.7041466350853,0.01603788696229458,0.017539428547024727,0.00387438153848052
0.01801325517529805,2.987958552558649e-05,615.2469192042885,0.010579348541796207,14.323542594909668,0.6608234643936157
0.018627972318160223,2.0226609585677823e-05,4612.950430241334,0.011061188764870169,30.314943313598633,0.6606088876724243
0.0054270481277881,0.0004405523436264851,334.19736504488407,0.015829287469387054,8.586856842041016,0.5079632997512817
0.000574590706683824,4.841006304203549e-05,810.0271333531994,0.015844492241740227,0.7392562031745911,0.5735849142074585
0.016855779853649642,5.814460108617264e-05,252.1114579165813,0.01034062635153532,15.621670722961426,0.6565330028533936
0.007123968259618648,0.020951303254274065,162.5624362033578,0.015223922207951546,0.06767430901527405,0.034516334533691406
0.8088314854051497,0.7447730789716671,123.85252214466392,0.9940271377563475,2.7071282863616943,0.17015132308006287
0.453260651504114,0.0006459835945889663,1336.5086255143283,0.4176576435565949,54.853389739990234,0.6662360429763794
1.5895082114222536e-05,0.08346588225833348,433.281191511619,0.01640974171459675,0.024157585576176643,0.003711541648954153
0.010235852884254168,0.16941862919623546,241.4643941773527,0.011001959443092346,14.690511703491213,0.581622302532196
0.001401122295141086,0.03542644458424498,388.5161231568842,0.015782909467816353,0.015417010523378847,0.0033975443802773952
0.0035861262428012494,0.0008405000230906348,2743.007678415197,0.01680457778275013,0.06347640603780746,0.004364490509033203
0.0005496769339103285,0.00013938757048476057,155.69128065862597,0.015240442007780077,0.378367692232132,0.41307371854782104
0.012781828112799962,0.0012324051784308443,210.9019310578707,0.01038924977183342,17.595922470092773,0.6500834226608276
2.3114134889141106e-05,0.001165756604556922,263.2372999295547,0.016141414642333984,0.017394015565514565,0.0021714370232075453
2.054540564307846e-05,6.051119969436932e-05,461.1264968423484,0.015851005911827087,0.6954432129859924,0.5516198873519897
0.014181151302706396,0.6346972130666565,4112.185263774182,0.011398362927138804,10.729813575744627,0.593865156173706
4.068762795613136e-05,0.7690480194505762,1305.2341487664862,0.01642252504825592,0.024110395461320877,0.003618081565946341
0.054574917326648424,8.315181590197221e-05,402.63639032478903,0.009127847850322723,116.01234436035156,0.6606525778770447
3.182898122807067e-05,0.060541895125986074,8792.443041951463,0.017821162939071655,0.07046735286712646,0.037582240998744965
0.002541589567868796,1.127025651195615e-05,250.755222267742,0.012979242019355295,5.385643005371094,0.6461260914802551
0.01189918733046916,0.007396933807446689,1637.0691305654493,0.011156847700476646,16.49244499206543,0.57280033826828
0.0027106163000261752,0.0006593594327126809,599.1643551679214,0.01586174964904785,0.06543830782175064,0.043832700699567795
1.4064404950954925e-05,0.5553879979228524,708.3435982075714,0.01674196496605873,0.029622884467244148,0.008261999115347862
3.157605747280372e-05,0.1530901078708002,2247.7308932729256,0.016940753906965256,0.03305492177605629,0.011909405700862408
0.005020272392996307,0.0005791436357185183,6189.894064977153,0.015896683558821678,0.7126647233963013,0.15031155943870544
0.0013517283011611283,0.013622557112227204,100.3289273911738,0.01552609633654356,0.006887009833008051,0.0004558563232421875
1.4208911721485445e-05,0.3494372572061425,5851.585444781034,0.01797393150627613,0.08053183555603027,0.04401596635580063
6.180325543470024e-05,0.6600740417855449,6006.208665501432,0.017210351303219795,0.04193120449781418,0.01886948011815548
0.0006047591324742914,0.005349725782508861,193.55956364336305,0.015566405840218067,0.008129334077239037,0.0006761550903320312
1.6215606550262643e-05,0.000229189639786726,1347.3355750704995,0.016498256474733353,0.2089737504720688,0.27981194853782654
0.008976154253729357,0.0011628884323479796,377.62230894104806,0.010930725373327732,15.821052551269531,0.5891393423080444
0.001778227655364783,0.779061181509496,2279.43850281158,0.016433732584118843,0.0402090959250927,0.01444554328918457
0.0005509026738178281,7.080442851197017e-05,1973.435083293009,0.016085414215922356,0.6472973227500916,0.5322040915489197
0.4560207460849015,0.004591456378251886,239.54627113246633,0.9806889891624452,7.317758560180664,0.6636056900024414
0.0007901890344065742,0.018569905758545713,160.976119714606,0.015651848167181015,0.007994278334081173,0.0006420612335205078
4.214794969864838e-05,0.7395275972071739,3355.7910937293996,0.01704038865864277,0.03547680750489235,0.013283491134643556
0.00023022574032923064,0.00292718879415466,2786.041777295683,0.016382597386837006,0.023739473894238472,0.006159226410090923
0.027389494210003033,0.00016404662116982293,160.72832099702998,0.01110691763460636,18.76696395874023,0.6542595624923706
0.02110549252809464,0.06686740906847552,9645.7637568936,0.01140083558857441,21.029342651367188,0.6063459515571594
0.01968556609385259,0.00846092469001569,3110.262969829758,0.011039182543754578,11.06736183166504,0.6194901466369629
0.022071851161618534,0.029341250505404214,236.8318063928907,0.011178012937307358,12.921660423278809,0.5599352121353149
0.000204363528871635,0.3106786201825476,1934.3847845988432,0.016217662021517754,0.01951112598180771,0.002957423683255911
0.20073055494840025,0.00222288441822406,5314.225866774777,0.9989390969276428,0.018688611686229702,0.665184736251831
0.00019201940181768417,0.0002480843543144416,1464.643604202503,0.015867214649915695,0.15683196485042572,0.2555423676967621
0.8522185381946634,0.9894176961455644,194.09702466394975,0.985557496547699,3.3248422145843506,0.007054885383695364
0.00010502765489368776,0.0005672137168235973,131.34873994560368,0.015237923711538317,0.004787146113812923,0.027387460693717003
3.7508801759113474e-05,0.005336224431018424,220.64350501327195,0.01590658538043499,0.01167504396289587,0.0012167295208200812
0.11481874735772536,0.007234071165764823,1082.719994623017,0.99964040517807,0.004304071422666311,0.6618439555168152
0.089219382619549,0.016246481291193368,898.5283349731953,0.9995166659355164,0.004734538029879332,0.6558356881141663
1.34670312754051e-05,0.31775497654491347,1203.4835421727566,0.017212485894560814,0.04093587026000023,0.018407663330435753
0.0048460754985704246,0.22754456869551196,967.1421922233056,0.015883518382906914,0.02239099144935608,0.003421704052016139
0.0001059312340071928,0.1341489210407171,1291.9692935906205,0.0161928478628397,0.018469829112291336,0.00226370501331985
0.037663988383942915,0.00043270344281963566,615.090687266135,0.012520254589617252,15.435639381408691,0.5955595970153809
0.0012221961662265471,0.005328416548962244,2848.757289682054,0.016705404967069626,0.05121590569615364,0.020264944061636925
0.00036034618943934143,0.27065486002700384,1296.566132524346,0.016111118718981743,0.01861889287829399,0.0030800502281636
0.00694248767769027,5.671233129967396e-05,3863.604597958054,0.011033988557755949,12.978145599365234,0.6215418577194214
0.07443980336319883,0.000989826270807938,594.8610979587988,0.9994010925292968,0.004678047727793455,0.6660068035125732
0.2891692215612305,0.001832453665704624,184.36816673403183,0.9974138736724854,0.15696562826633453,0.66544508934021
0.00015860030932316686,5.580333544549118e-05,349.4015221378517,0.01251757238060236,0.7015689611434937,0.56044602394104
0.0073933755398830755,0.0021104610090833488,967.3252572908372,0.012371445074677467,6.906029224395752,0.43432554602622986
0.04133046290479078,0.08777098236247921,170.0323084433393,0.010970989242196085,13637.6044921875,0.5800326466560364
6.447113989447681e-05,0.13097380468446013,1694.0574264361128,0.016392963007092476,0.022922592237591743,0.003841638565063477
0.012077331774978037,0.21586961047110073,2029.3040481946143,0.01124640367925167,15.550530433654783,0.5595985054969788
2.0532240265444275e-05,3.040284237407228e-05,274.53209667699736,0.015719948336482048,0.83519446849823,0.6077734231948853
0.0021253592460811527,4.477523236320829e-05,2294.801705664801,0.01612059213221073,0.7939164042472839,0.5842079520225525
0.25394223627255935,4.372640261135453e-05,141.05077071009367,0.9975879192352296,0.06923580914735794,0.6666375398635864
0.00015677517323013334,3.236010902166727e-05,9390.30819127236,0.016475092619657516,0.8485320806503296,0.6038256883621216
6.397174288332906e-05,1.4345461243681044e-05,3150.1897715802043,0.016005845740437508,0.9315457940101624,0.6386752724647522
0.5019958775522975,0.7307717102718316,233.243538575281,0.9063925743103028,29.16013526916504,0.17948555946350098
0.03402557928243964,0.16628800390600484,2616.364156489498,0.011095736175775528,12972.89453125,0.6541616320610046
0.05711113578990522,0.03472423349791042,6748.43271036775,0.00595989590510726,25917.072265625,0.6379460096359253
1.6785050660191722e-05,0.0022536509145932087,5035.619750839403,0.017854243516921997,0.07242927700281143,0.03951144218444824
0.03245069976980847,0.013913948667083734,910.9421853785984,0.010870796628296375,362.5969848632813,0.6545826196670532
1.2820700828974016e-05,0.00048163805400694225,2156.191754717194,0.017410768195986748,0.05759487673640251,0.03981725499033928
0.02479288668505388,0.0056066004377675225,7876.930915658882,0.01134566031396389,38.59510803222656,0.6275652647018433
2.5035058327053877e-05,0.17213172164501406,1006.937550323128,0.016530781984329224,0.026215137913823128,0.004886706825345755
0.0013069623951225704,0.003581299465359439,2844.407262646899,0.016673365607857704,0.05012072995305061,0.019873380661010746
0.005405890057342254,0.04405107844564135,1222.9625790659222,0.01581372320652008,0.07049740105867386,0.033984504640102386
0.582295395267416,0.0016769865943940105,1177.186974746847,0.965571939945221,1.5689879655838013,0.6655486822128296
0.20382184361216388,3.544943548190077e-05,1859.1938630814325,0.9991551041603088,0.017319705337285995,0.6666430234909058
0.02665671039809613,0.004506990049051533,368.47563507142297,0.011205502785742285,254.519287109375,0.6054250001907349
0.0013965298408453756,6.016792762507269e-05,4884.828500697653,0.01646840013563633,0.7351850271224976,0.5516470670700073
0.13772437549919891,0.8008643100022326,207.55498335213372,0.9996668100357056,0.644917905330658,0.13275718688964844
0.0002190650328941256,0.002162718883457065,253.2333255739817,0.01551404781639576,0.006269142497330904,0.00048120817518793046
0.2280469914858298,0.0004797942301250212,1375.3269946438677,0.998924195766449,0.03495798632502556,0.6663467884063721
0.07191259341930842,0.0013349988494569937,2133.628855773058,0.015399813652038574,407505.21875,0.6545237302780151
1.2792185842973926e-05,0.19646164771171093,465.98260158598566,0.01655098982155323,0.02683551423251629,0.005371491424739361
0.0009388226789856998,0.0013097039905287352,8903.054022768092,0.017329415306448936,0.09128948301076888,0.038408439606428146
1.8281901971373167e-05,7.352311835647047e-05,1284.892654885142,0.016141360625624657,0.6532698273658752,0.5278892517089844
0.0002806332457699337,0.003410027636287064,1620.1555061403096,0.016164584085345268,0.01898820511996746,0.0034529368858784437
0.005695802725207,0.104414614037591,112.16588962850908,0.0149894580245018,0.00528211472555995,0.009077469818294048
0.0005524627075971662,0.3625261941554651,1633.6073730761732,0.016319608315825462,0.023688852787017822,0.0067005157470703125
0.004573924632312964,0.011406054669196692,3213.8674058145775,0.016371004283428192,0.1260184794664383,0.01965785026550293
0.0551261451223537,0.0008394954613695365,991.2195286962736,0.013198976404964924,12901.24609375,0.5617858171463013
0.16216082330565693,0.00046000197991589607,184.93976774602064,0.007219609338790178,0.06366054713726044,0.6670634746551514
0.10328497050010305,0.07229910769846667,169.09263094926558,0.7664163708686829,79.17375946044922,0.6465809345245361
0.01716932246470478,0.024549123391110865,2779.747131961388,0.010895280167460442,15.734054565429688,0.620479941368103
4.252679583080573e-05,0.14128950934260404,5064.794990117434,0.017367292195558548,0.04675776511430741,0.02244512364268303
0.13230537405675433,0.24017400955569115,7598.127619084143,0.006784568540751934,452.2718505859375,9.45727060752688e-06
0.2607660731549489,0.6999483746552846,143.4898866041924,0.9973663687705994,0.5561856031417847,0.2000344693660736
0.000215996102530327,0.001723506515018746,413.4084061390008,0.01572670228779316,0.008986798115074635,0.0013091564178466797
1.1555433412383128e-05,0.0003747083059690085,824.035047066136,0.016649149358272552,0.06534259021282196,0.1203819140791893
1.4190629245911066e-05,0.0002896920787655096,1812.721780478647,0.017027772963047028,0.13864459097385406,0.20117942988872528
0.21964176044135503,0.06768962643959506,549.4728683192853,0.9990472793579102,0.022675970569252968,0.6215403079986572
0.00020322604858322315,5.3115255183036e-05,1693.843096591951,0.015743857249617577,0.7181243896484375,0.5648496150970459
1.7576572583587348e-05,0.004317373780925051,4420.085705647992,0.017793677747249603,0.06857632100582123,0.036821603775024414
0.00019279162961211013,0.14118346627871095,1245.5233358391454,0.016107959672808647,0.016527870669960976,0.0019637744408100843
0.0003604732747671776,0.006506620596462035,180.3927466645488,0.015565197914838793,0.0060364981181919575,0.0004901091451756656
0.025695217606103864,1.8948925603849093e-05,1093.46291061047,0.010813790373504162,29.656145095825195,0.6640841364860535
0.0180934297028779,5.486908468066613e-05,1227.0101909606817,0.010940982960164549,36.603572845458984,0.6527929306030273
2.537440370335464e-05,0.0801795783071859,401.3020777736659,0.01622520014643669,0.01933620125055313,0.0023603439331054688
0.00011946437481763172,1.2082195510323992e-05,7262.100665968844,0.01635277085006237,0.9520247578620912,0.6429897546768188
0.0022907046263557283,3.3877543884018464e-05,739.6148457120281,0.015935609117150307,0.8380551934242249,0.603898286819458
0.014193760663619102,0.0023735104636321727,1115.8604946757737,0.010877856984734535,16.58696746826172,0.6139973402023315
0.8385402700629316,0.00965912862336688,2714.903992634012,0.9869478344917296,0.7472832202911377,0.6602272987365723
5.7699957047141946e-05,0.0018189627893504703,421.3525107548544,0.015945643186569214,0.012760171666741371,0.0014270942192524672
0.013024455101657333,0.015449103432487269,1086.888436521549,0.01085542980581522,18.527572631835938,0.6033589839935303
0.008018596829941674,0.48416350703721367,382.36855539372414,0.011894679628312588,8.217041969299316,0.4720850884914398
0.030666343891067625,9.942731296449232e-05,2057.5046681140852,0.010770248249173164,216.5098876953125,0.6597556471824646
0.0001148412529406676,0.31145852396916884,3626.532241956169,0.016606727614998817,0.026453418657183647,0.007133960723876953
3.4081312260602833e-05,1.3799635728852674e-05,118.88968233909854,0.015201222151517868,0.9126114249229432,0.6395819783210754
0.24064447580187645,0.48929977259321855,3597.780115404197,0.9983744025230408,0.2989169955253601,0.34046682715415955
0.12031020609688974,0.002866972520485868,1392.0004056877926,0.9996384978294371,0.004384167492389679,0.6647553443908691
0.0020727476285881496,0.35425154422449945,8418.931390343027,0.017326034605503082,0.11851555109024048,0.04515107721090317
0.026051759325465433,0.0004846853979255089,8048.518714337343,0.009727008640766144,47.84236145019531,0.5973641872406006
0.01783728953502399,0.0005549984635892468,6387.069632041437,0.011322194710373878,21.865816116333008,0.5918769836425781
0.00010795515621851816,0.0005690442347455604,361.35895365459686,0.01567397452890873,0.00916485395282507,0.026862066239118576
0.007927292624889701,0.00036546723452360704,4581.650601309688,0.012274937704205511,8.002928733825684,0.4785486161708832
0.0020055585345483025,0.22020391409922033,127.13999089720204,0.015531035140156746,0.006791860796511173,3.465016925474629e-05
0.8915361298540896,0.0018207002958886317,5153.792491047556,0.9779179096221924,3.4708054065704346,0.6654528975486755
0.028047056165721704,2.504111128154793e-05,698.5236263480585,0.011061195284128187,11.832806587219238,0.6646798849105835
0.15980599478769716,0.043988661891641634,136.51249661990164,0.9994283318519592,0.009562387131154535,0.6373409032821655
0.006641584043483885,0.0427672895370569,656.153438689219,0.015467717312276363,0.015200959518551826,0.012617429718375206
0.00010824128429736426,0.00165909545858178,1541.1114923587972,0.016279086470603943,0.01979955844581127,0.003556410549208522
2.1179492141132742e-05,1.6415930793975063e-05,616.6312537451556,0.01586015708744526,0.9176732897758484,0.6346800923347473
0.010913945048414348,0.3861761367282732,478.3553587823384,0.010919690132141112,16.322519302368164,0.5846227407455444
0.210630795670436,0.18234638109123413,1011.8663153231372,0.9990939497947692,0.05302586033940315,0.5451024770736694
7.38984871594619e-05,2.893240354793731e-05,2877.9888385692816,0.015918975695967674,0.8510188460350037,0.6106457114219666
2.2595072003027465e-05,0.011274228996003695,9686.144423877537,0.017970284447073936,0.08035703748464584,0.04378247261047363
1.125149039536615e-05,0.00034815432484896125,138.71881657535917,0.016017984598875046,0.06685152649879456,0.14784011244773865
0.014425738353109728,0.000905330594112524,5635.781097064736,0.011353041976690292,9.85422134399414,0.5792993307113647
0.0002793959691888863,0.02406681637013593,597.0286880295171,0.01594279520213604,0.012600657530128956,0.0012472470989450812
0.0006267110369231935,4.076876786467239e-05,5868.966224272776,0.01664847694337368,0.827702522277832,0.5874064564704895
0.0004081640967404957,0.01303686976914909,179.85865866889313,0.015484084375202656,0.0065853348933160305,0.0005342960357666016
0.0033469646690541277,0.001964717487426867,139.51093939997904,0.01531673502177,0.05683937668800354,0.030424755066633224
0.027810912133827633,2.934239557773895e-05,633.1014647532656,0.010967190377414228,13.82297420501709,0.6651191711425781
0.0004561827831071182,0.0004855142945439762,236.16210520537723,0.015674645081162453,0.013572048395872116,0.05434831231832504
0.2014146588499511,0.00068592230168658,1529.505586086061,1.0170882887905464e-05,25391051833344.0,0.7003682851791382
0.12587917466906837,0.00031500238394820395,103.52705792497704,0.9996733665466307,0.003965713083744049,0.6664566993713379
0.000250844004371071,8.825605248593891e-05,3009.1068661145237,0.01624639332294464,0.5774523019790649,0.501156210899353
0.08598587730321135,0.4167139273298409,1064.027519079516,0.9994800686836244,0.17843645811080933,0.3888574242591858
0.016638407874127924,0.0004950933200077616,108.96840137700994,0.01062105968594551,16.536632537841797,0.6287877559661865
0.09366513232640485,0.2241757594782771,104.7715432312092,0.9996162056922911,0.05414390563964844,0.5172162055969238
0.07395567085557869,0.0014101429809896453,2359.533771981836,0.007585842628031969,3.032244920730591,0.6576322317123413
0.0004336717650798651,4.2690255679245014e-05,415.04553905569304,0.015430585481226444,0.7599702477455139,0.584165096282959
0.00461745552673515,0.0009035821724351349,449.32085167974947,0.015148385427892208,0.5073344111442566,0.09931080043315887
0.0009973642972945518,6.81590847225692e-05,2265.693554010118,0.01614885963499546,0.6669478416442871,0.5369259715080261
6.037772922256882e-05,0.006451293557654254,1646.6902528714022,0.01638663373887539,0.022997740656137463,0.003403028007596731
3.425305238929917e-05,0.12233377950058892,646.3368168775793,0.016266100108623505,0.02026742324233055,0.0024967193603515625
0.00013350733204274808,4.1173509505117825e-05,4380.457336998939,0.016020162031054497,0.7858766913414001,0.5873452425003052
0.0014117504698323688,8.139011333598642e-05,798.5086772586154,0.015543445013463495,0.5974061489105225,0.5142017602920532
1.6840720976329248e-05,0.1870957243098353,7832.061645031658,0.017999820411205292,0.0824122205376625,0.04511165618896485
0.0008392408056059174,0.000310592634286187,1584.7262688632172,0.015998242422938347,0.08947280049324036,0.18081483244895935
5.930978196841853e-05,4.18141584233847e-05,849.1070750551125,0.015810949727892876,0.7759095430374146,0.5862826108932495
0.06226527721954326,0.16724471049354558,255.16368371440493,0.9990639686584472,0.03345465660095215,0.5551702380180359
0.0008184584128151306,0.1398463696781569,1266.1230656829914,0.016185225918889046,0.02281547151505947,0.006668408866971731
0.00010958905267627106,0.13928739248765118,6083.710762187806,0.017031986266374588,0.03783812001347542,0.015586773864924908
0.007732830440610489,0.015291711536455196,421.6016872422924,0.013065422885119917,4.0529584884643555,0.34203892946243286
0.013494201595188384,0.11379173823741932,1490.14374487723,0.01104445569217205,16.86163330078125,0.5850781202316284
0.00023155000932824268,0.0002451488583191766,198.31988254629175,0.015234583988785744,0.14734043180942535,0.25730881094932556
0.0003581309043096604,0.02433227313780982,1310.041902042025,0.016177264973521233,0.018760407343506813,0.003137350082397461
0.379031782245733,1.730027788143769e-05,5704.6365382201675,0.9789115786552428,8.068768501281738,0.6666551828384399
0.001104738627566042,3.1106071406460236e-05,6334.341340968455,0.016767771914601326,0.90666002035141,0.6058928966522217
0.00023866112709735983,2.1548216466651405e-05,3097.621809877009,0.015733961015939713,0.8814204335212708,0.625493049621582
0.08251808566525352,0.5207645754423849,122.33509043560127,0.9995141625404358,0.2759634256362915,0.3194902837276459
0.03255198742305954,0.7607383546368982,127.14734481144347,0.012359852902591228,96.62413787841795,0.4328786730766296
0.01410567236668545,0.0014137566761706782,4588.538187484029,0.011375500820577145,9.893463134765623,0.5992331504821777
0.006017587099977388,0.8170127634467741,1991.1862200983503,0.01581987738609314,0.13385193049907684,0.04787564277648926
0.035831082937832465,0.0006509741456120555,507.1248698206008,0.008608239702880383,48245.0546875,0.6574537754058838
0.014770633168899296,0.00021165017251716583,1591.777367616548,0.010690690949559212,18.48049545288086,0.6311631202697754
0.0015641466898599402,0.15321322429646625,1604.1851880247125,0.016243336722254753,0.03172056004405022,0.010944366455078123
0.015572051358417044,0.11127955935754072,182.28656019706625,0.010947860777378082,12.596731185913086,0.5823974609375
0.010492934790842416,1.0938345910371064e-05,942.2356334903136,0.010364563204348087,22.515058517456055,0.6636385917663574
2.5695222596840487e-05,0.6474312987557792,317.58002959223813,0.01615269109606743,0.017479047179222107,0.002044121501967311
0.0003745970108215748,1.2905220799451172e-05,4827.153817549544,0.01629110425710678,0.9489343166351318,0.644189715385437
0.1031251661564244,0.032955529505330795,541.9518792225973,0.9996899366378784,0.004786483012139797,0.6446963548660278
0.0037151276355641264,0.01400159203872932,4979.333125871699,0.01683995872735977,0.07952321320772171,0.01519322395324707
8.876005423794806e-05,0.0008535794270940381,6442.364227428104,0.01698951981961727,0.03570885211229324,0.014495532028377056
0.26938790794593026,0.014817985362762614,7507.820543870586,0.9978919625282288,0.19138623774051663,0.6567879915237427
0.0765376350504756,0.07549471200694485,9214.353956240975,0.004918526858091354,16770.00390625,0.35509371757507324
8.097835303034371e-05,0.00022159321209744493,5999.133841499608,0.016560174524784088,0.2180439680814743,0.29018568992614746
0.014839173900531,0.0033313215014828426,196.28838490464668,0.010679850354790688,17.424848556518555,0.6103420257568359
0.0006949217625335293,2.6717599996790968e-05,130.7833938807231,0.01534827146679163,0.8426529169082642,0.61519455909729
0.000930098236443101,0.19464235814162076,584.8049488399026,0.015981120988726616,0.01625562272965908,0.0033527216874063015
0.007250889731901683,0.0012238393356961603,3269.3889949629356,0.014403372071683409,1.9213720560073853,0.2415878027677536
0.7588173616785143,0.0009710447325035024,115.8887709392095,0.9868175983428956,2.506495237350464,0.6660193204879761
1.3159076206575058e-05,0.011737354949032852,4560.3439415064195,0.01792570762336254,0.07717065513134003,0.042013488709926605
0.23045327851540945,0.0007295650354731458,2469.3382736099875,0.9988992810249328,0.037719033658504486,0.6661803126335144
0.04156086396129968,0.04079732579622026,1530.575086540972,0.010654729790985584,35.86216354370117,0.5705057382583618
0.00026140207002124324,0.7568405447449666,8681.051467186075,0.017101773992180824,0.04823007434606552,0.03785538673400879
0.005000509737117497,0.0040602681652506505,127.10258870637996,0.015098311007022858,0.08776330947875977,0.03913673013448715
7.800660402070799e-05,0.001014112140582163,139.77446939534818,0.015333488583564758,0.004326382651925087,7.462501525878906e-05
0.021960965866312937,0.012013674495058671,1294.0585588272857,0.011198525317013264,28.136220932006836,0.6204854249954224
0.9749468473149674,0.028255360195702923,1011.6394338245686,0.9796122908592224,4.184363842010498,0.6478297710418701
0.008713272261976629,0.04089678782364584,583.713258153022,0.012363135814666748,6.419380187988281,0.42015278339385986
2.6567568343668587e-05,0.31536376984224024,1511.2323233067757,0.016753729432821274,0.02950696088373661,0.008317232131958008
3.082092036616455e-05,0.30757486884951946,4017.2045059128222,0.017426930367946625,0.04923753812909126,0.024172544479370117
0.43019326668475694,0.9703369574794746,4613.731869353551,0.28465840220451355,115.23974609375,0.019775390625
0.0004535359400831074,0.38561857041294273,941.695920531088,0.016061142086982727,0.016932804137468338,0.0028786659240722656
0.02422311321019033,0.000328550511483869,523.1008206625685,0.010891247540712357,28.90612411499023,0.6550272107124329
0.0029706250350459104,0.06009511368345126,6649.815832561887,0.016782961785793304,0.10737917572259904,0.021243572235107425
0.03872049844866792,9.976555606717404e-05,3126.6358299251583,0.010855005122721195,126.9537353515625,0.6481485366821289
0.027252329699440764,0.003759997182123591,329.2275734216821,0.01115251798182726,23.69495010375977,0.6087467074394226
0.015487334185657384,0.0002969197865141337,668.684607438157,0.01051411870867014,17.565462112426758,0.6422644257545471
2.66480744232312e-05,0.04678785771979021,7475.469186977204,0.017829805612564087,0.07092202454805374,0.03793851658701897
0.005879284595009153,0.000145116453595507,127.14889867478698,0.012530515901744366,13.318232536315918,0.6282068490982056
0.027096182483344187,0.44441069852720777,4896.91501877508,0.010504457168281078,10.98826789855957,0.6667050123214722
0.0012139638961240645,0.0027410549876172494,1004.811478821442,0.01608397252857685,0.02246195450425148,0.007059574127197266
1.2486920937050371e-05,5.0765151197705885e-05,5964.259089112875,0.01773706078529358,0.8758090138435364,0.5683408379554749
0.1177942650648452,0.0019403489457188723,3912.5561182340302,0.9995765089988708,0.00465999124571681,0.6653730869293213
0.000113713694876021,1.1523592675809148e-05,166.9429671312327,0.015049055218696594,0.9247589111328124,0.6439557671546936
0.03758685211500957,0.1981503095561032,9557.529674525906,0.010724023915827274,70.16581726074219,0.6475850343704224
2.1200208547060335e-05,0.004525641319181408,9730.89937747504,0.01798706315457821,0.08154833316802979,0.0446314811706543
0.006894029352518428,4.363029751540296e-05,2407.6508912267636,0.010703771375119686,14.228317260742188,0.6402289867401123
1.644326574824556e-05,0.5143540270124621,221.23633199834848,0.01620103232562542,0.01919364184141159,0.002434094902127981
0.000726548027017055,0.031001338531933927,462.91863908129545,0.015881460160017014,0.013701853342354298,0.002272367477416992
0.3123940021178646,0.017109832146024514,7956.340009630235,0.9969664216041564,0.8133341073989868,0.6552601456642151
0.013307247274679156,0.0065142026449899705,703.1072500767436,0.010773097164928911,19.470317840576172,0.6063628196716309
0.025235352496494817,0.04173148422042643,2626.969244560033,0.010701888240873814,13.424991607666016,0.6540302634239197
0.0018106422361679729,0.015640618793028097,3231.7188211810503,0.016573358327150345,0.048601940274238586,0.01821303367614746
2.3621099543644625e-05,0.20432351918574324,1818.273593920773,0.017020614817738533,0.03505660220980644,0.013662497512996197
0.0003760137845731049,1.586132387774656e-05,121.3083769392968,0.015026448294520378,0.9019484519958496,0.6354518532752991
0.4685569269291575,0.00031709517317615136,400.2678806956068,0.9701945185661316,8.675165176391602,0.6664552688598633
0.0008377883950661019,3.5673843801119196e-05,167.706448016071,0.015269619412720203,0.793283224105835,0.5973950624465942
0.016688004655126626,0.0010706804317204327,2461.410409540649,0.01086717378348112,13.54391384124756,0.6157626509666443
1.071365069255766e-05,0.07462724130271146,109.37834751947604,0.016130931675434113,0.01868295669555664,0.0024448237381875515
4.422211582323091e-05,0.004521625530831363,123.49163559789928,0.015546035952866076,0.006220258306711912,0.0006398360128514469
0.14203751260831635,0.07348728299911256,6567.657658187203,0.009530696086585522,81.99942779541016,0.6535937786102295
0.39177670689961186,0.4473346091021886,4307.751000344006,0.9573048949241638,13.34714698791504,0.3684436082839966
0.00013988527272545026,0.004564050830716007,211.10356580150452,0.015564429573714731,0.005521910265088081,0.0004885196685791016
0.002658372147485191,0.0002341871610098165,1278.9304770902927,0.015772532671689987,0.5355691313743591,0.3023746907711029
0.011416950727985311,0.014021234738112185,592.7521077837224,0.011227953247725964,14.549145698547363,0.5511748194694519
0.0010368237846276251,0.15526627592119305,841.4030581601212,0.015968644991517067,0.019196774810552597,0.004927635192871094
3.5338009063577396e-05,0.003494495700760786,111.07270486368743,0.015635011717677116,0.00748744048178196,0.0006855329265818
0.00305346691894975,0.002369249014743207,100.27158716152276,0.015349823981523514,0.01478658802807331,0.01960865780711174
0.15205673494813382,3.803299656585952e-05,311.58679204155357,0.014136875048279762,3394.4326171875,0.6633362770080566
4.116849857421405e-05,0.14629423465850389,113.42514350520874,0.015555057674646378,0.005602126941084862,0.0005015532369725406
0.006816705077418375,0.01874506545753303,1997.5369201744968,0.016049835830926895,0.04638965427875519,0.014890670776367188
7.446661054760911e-05,0.9998721364875068,6303.555685924814,0.017175814136862755,0.04016444832086563,0.01766292378306389
0.10908311582432575,0.00016297211445522177,2108.4306447307217,0.026321057230234143,49.74379348754883,0.6641333699226379
0.0004969630903496882,0.004363829251921809,128.8436306741713,0.015429014340043068,0.005537322256714106,0.00033577284193597734
0.004161018267920363,0.06545537385458,2971.6516464433967,0.016567427664995193,0.11231734603643416,0.015986841171979904
0.000781343258862697,3.062697385512987e-05,2853.9064161205174,0.0161020215600729,0.843759298324585,0.6092685461044312
0.002246471684164563,0.35875495210534675,169.39337040973967,0.015604509972035885,0.007964089512825012,0.00036899250699207187
0.4007409981001347,0.00014204145809331863,3096.5247931111835,0.9237189292907716,13.503421783447266,0.6665719747543335
0.0024356714992042608,1.4874305419049845e-05,1637.97210433265,0.015956562012434006,0.9577353000640868,0.6407652497291565
1.9890468079536375e-05,1.25952664610367e-05,281.0045763146501,0.01572159305214882,0.9312590956687928,0.64203280210495
0.012004356729851564,0.00040523878277526376,241.8675026104709,0.010483726859092712,16.36939239501953,0.6352295875549316
0.0004273592160926585,0.3401643540137012,135.0617926856608,0.01537555456161499,0.005526118911802769,0.00037892660475336015
0.001059675898969953,0.00982451765711771,1357.3009626599503,0.016233477741479874,0.025632433593273163,0.008305947296321392
0.12226235771460352,0.0003943513049868238,4439.831264142812,0.9995679259300232,0.00480771716684103,0.6664037704467773
0.005727092280682034,0.00032612816929452156,4964.079874241696,0.014739152044057846,3.0478670597076416,0.33978623151779175
9.099834143837924e-05,0.024757657344872112,2335.6460170451955,0.016478076577186584,0.024058101698756214,0.004383087158203125
0.8661749145350618,0.04330217724332151,3334.477032680925,0.9793587923049928,2.319765567779541,0.637798547744751
0.0015130332566705453,0.0006947737952012677,312.0408753565591,0.015852730721235275,0.01317505817860365,0.015919923782348633
0.022922690744305103,5.055744331149296e-05,1677.798953881702,0.010928664356470108,40.18034362792969,0.6654683351516724
0.001401281967133105,7.980125722641327e-05,418.7287636425784,0.015401690267026424,0.6089435815811157,0.5208864212036133
4.112571854800266e-05,0.004652051686177404,124.55298096445937,0.015512632206082344,0.0067934300750494,0.0006193320150487125
0.0017574088127564071,0.0004733619028245921,3551.2583907232083,0.01640486717224121,0.05320334807038307,0.0658208578824997
0.0017081907223828478,0.11715436910686436,221.1964701611928,0.015740513801574707,0.012321045622229576,0.0022411346435546875
0.010118876062235826,0.0010025808756426644,1886.5285291756231,0.011331094428896904,13.117497444152832,0.5629903078079224
0.04566326033323625,0.4114212631062261,2706.2429772269884,0.00854053720831871,1303.9776611328125,0.6128307580947876
0.0012506367932020944,0.7629518598188615,104.66904786030771,0.015435272827744484,0.006917503662407398,0.00017396609473507851
0.05436202149785165,1.274695897003314e-05,796.2333719277051,0.01336039137095213,43803.0546875,0.663048267364502
0.008011493303263858,0.24472166650466437,1361.5154158842297,0.01379719190299511,2.390519142150879,0.28150510787963867
0.0002816455586178314,4.128959569259635e-05,1052.334364187697,0.015783661976456642,0.7729558944702148,0.5869068503379822
1.338595026523298e-05,0.6022174051021654,4036.448763088389,0.01788043975830078,0.07412295043468475,0.04026373475790024
1.9693424869287707e-05,0.0022470542885671026,4897.2936759951235,0.0177738219499588,0.06739987432956696,0.03642535209655762
0.004994122725956913,0.07864929305572987,215.1472087914106,0.015165591612458227,0.0054286024533212185,0.00638445233926177
0.2121649674324219,0.00016332711802821034,5816.004510761022,0.9987930059432985,0.026187708601355553,0.666557788848877
0.6766362721517921,0.04051634983362087,243.27637173418128,0.9602246880531312,4.597815036773682,0.6396557688713074
4.555518111929779e-05,0.5812263766278728,401.00263806262313,0.016027072444558144,0.013927411288022997,0.0018106302013620736
0.03655770505616837,0.0028544566136200515,279.91248724813227,0.012821909971535206,5.106313705444336,0.3885182738304138
0.434780602439032,0.17068441401075382,1896.9075428484143,0.08428482711315155,103.6862564086914,0.5528770685195923
0.0030602266468978683,0.030123007410037195,222.49680331991425,0.015395235270261765,0.00792703777551651,0.0005199114675633609
3.4844907309787476e-05,0.001220433213424684,104.7747108081342,0.015601010993123056,0.0071899802424013615,0.000550349592231214
4.586223454401237e-05,0.000645181942163488,125.79710347611,0.0154018122702837,0.005672116298228502,0.013365904800593851
0.007949876455129772,0.0030966279441586348,8607.862326591463,0.0159081369638443,0.5116536021232605,0.13396596908569336
2.7203219099025557e-05,0.029966555719122673,6151.137573286073,0.017739295959472656,0.06535810977220535,0.034515541046857834
7.866465603033102e-05,0.00022823655624692977,9967.77657825892,0.017002031207084656,0.22437599301338196,0.2785240113735199
0.01203010733388533,0.1865848513849369,290.8603201314816,0.011069733649492264,14.164451599121094,0.5710513591766357
0.005426961527790939,0.0005388810579816012,7090.166289036889,0.015618673525750635,1.0451889038085938,0.1755288541316986
1.450331672407776e-05,0.04419629653689227,3844.8159806016542,0.017828695476055145,0.07076359540224075,0.03802323341369629
0.00018300402254049227,6.649623712874345e-05,297.3059854252648,0.015221954323351383,0.6466513276100159,0.5396332740783691
0.0006275318083921612,0.2398570412522233,814.032184420473,0.016049211844801903,0.01677936501801014,0.0030791759490966797
0.007472162931822041,0.000352967859526164,186.08887277092137,0.010603834874927998,17.656455993652344,0.6174386739730835
0.00010603150492194642,2.7952671562999732e-05,8563.821886391657,0.0164845809340477,0.8727187514305115,0.6123045682907104
0.0006370346380243083,0.008272107928500904,301.3310409936441,0.015758918598294258,0.010797840543091295,0.0012941360473632812
0.009048531855809764,0.01119854339549678,371.9086213114412,0.01154644414782524,11.878266334533691,0.5197309851646423
0.001894672272231732,0.0032664364099461345,125.8772473887024,0.015582495369017124,0.007297372911125421,0.0005350112915039062
0.7744309251291489,0.01736468430100975,700.7251774682633,0.9836142659187316,0.84694504737854,0.6550902128219604
0.020159228517380706,0.000965529387715533,5744.848795748238,0.011048709973692894,10.529314994812012,0.6111514568328857
0.7056488320799993,0.1414445350327137,3907.017441064404,0.979461908340454,1.1264450550079346,0.5723703503608704
0.0022985678578120207,0.00011433745871160397,430.1763558181048,0.015337223187088966,0.4882861971855163,0.4646686017513275
0.008034413787219738,0.0013141533395929425,3482.4552295655153,0.01289221365004778,5.877370834350586,0.3979685306549072
0.017312146619240912,0.007723851833319897,5054.794327952996,0.0111533896997571,12.61968231201172,0.595311164855957
0.0031717683261503994,1.2406765492910126e-05,122.6626551818878,0.012281383387744428,97.35721588134766,0.6581583023071289
0.0566523543079575,3.4737332444888366e-05,584.9885717265249,0.018002212047576904,60260.38671875,0.6593031883239746
0.0003753432954308163,0.06575521473642387,145.69751513645923,0.015427987091243269,0.005206251051276922,0.00040634474135003984
0.0197133219321196,0.0005265658048056233,148.3412467731446,0.010620609857141972,56.662132263183594,0.6548430919647217
0.10058692571216118,0.00019375891584981337,2094.3223601938994,0.00860085990279913,746141.625,0.6641427278518677
0.4723206662640308,0.04951549298034559,195.01232517136495,0.9668058156967164,11.063124656677246,0.63365638256073
0.06943719116993935,0.00048629219880026774,1564.758142793734,0.008918587118387222,2.325309991836548,0.6537522673606873
0.011002853955681529,0.37719842714134055,4412.489016593986,0.0118777547031641,11.105679512023926,0.4956779181957245
0.0003973084232198688,0.00011657860251011792,1277.0750707586826,0.015933919697999954,0.4651649296283722,0.45196104049682617
0.015240163726695208,0.03750742667878789,293.47848606982785,0.010850954800844193,15.157490730285645,0.5886892080307007
0.9544027237121748,0.11994352774123776,7323.840793558795,0.973258376121521,9.842724800109863,0.5867043733596802
2.7402718751930853e-05,2.0088323004290007e-05,910.7500942813152,0.015869004651904106,0.8982802629470825,0.6275997757911682
0.04334764286633382,0.0009715011231723952,222.22327608961143,0.01561222318559885,8.305229187011719,0.5471059083938599
0.0026369554059943578,0.4234319886090293,434.5526595177107,0.016124630346894264,0.01912548393011093,0.004983981605619192
0.000317959834405994,0.012678892854621282,2130.407198348991,0.01633242890238762,0.0232749804854393,0.006006558891385794
2.4730358069324024e-05,0.04620006897820027,869.9423911180083,0.016474947333335876,0.02529892511665821,0.004217624664306641
0.0001969857852172958,0.0018550033291477356,111.05239918598424,0.015273548662662506,0.0036556615959852934,0.0001200834958581254
0.0416896117369758,0.003293086300916176,2240.3480696806632,0.013929194770753384,5282.830078125,0.5941342115402222
1.2440718516134395e-05,2.3383433963644404e-05,169.7446399353192,0.015781225636601448,0.8748956322669983,0.621219277381897
9.628659718484238e-05,2.7000003506530653e-05,204.64226736431317,0.01512365322560072,0.8393228054046631,0.6139450073242188
0.0004942305488709103,0.0007657678232729464,5025.1308431145535,0.016897786408662796,0.04494202136993408,0.01708420179784298
0.004656912249551108,0.0003485549009374683,509.37209500968333,0.015717199072241783,8.251401901245117,0.4441405534744262
2.0851736876790635e-05,0.37058253003986646,423.5680301264831,0.016303298994898796,0.02147689275443554,0.002835512161254883
0.05814120609161346,0.003663635769508991,281.26562919162234,0.011585420928895472,1630.2000732421875,0.6151331067085266
6.603321598339787e-05,0.024793552085019117,1058.077955611012,0.0162602998316288,0.019211383536458015,0.0023276011925190687
0.00027045005100263743,0.5244660541962943,758.7270426965059,0.01594454050064087,0.014116058126091955,0.001505692838691175
0.00205872123217997,0.39390139629710175,3698.4199557184174,0.016688061878085136,0.05738578736782074,0.021243572235107425
0.0013778855355034434,0.18736944659083793,246.19040429235912,0.015792477875947952,0.011958003044128418,0.00205850601196289
0.003160786743691145,0.00014514065337860614,7138.264889869064,0.015962639823555946,0.5592982172966003,0.4396199584007263
0.001428915085658696,0.038495376130957944,116.05497836017102,0.015600716695189476,0.0076175169087946415,0.0006439685821533203
1.6170029901025648e-05,0.002434577972860297,1817.5093876289889,0.017341889441013336,0.04570887237787247,0.022496145218610764
0.005853125004918276,0.044048972461944155,271.28232742229585,0.015271042473614216,0.05036528408527374,0.031381212174892426
0.012092168575104955,0.4673631203640737,119.39326102465536,0.011187024414539335,14.033902168273926,0.5451967716217041
0.22988500162677153,0.01643961781857552,8104.614629759338,0.9985411763191224,0.04720662534236908,0.6557069420814514
0.0003627882066893586,9.261004676015796e-05,1160.2835130439148,0.01598958484828472,0.5539556741714478,0.493342399597168
0.0022721979500749845,0.05575983830181195,5670.9831075255215,0.016896985471248627,0.07665526121854782,0.028039297088980675
0.28667326934367326,0.004346667814538722,2418.9430223014815,0.9981287121772766,0.24033865332603457,0.6637688875198364
0.006116193872681342,0.983743031513182,1768.789255606504,0.016018157824873924,0.0957232266664505,0.03972125053405762
0.013980951053171044,0.10810660233546686,763.4077827938358,0.010941623710095882,17.32162094116211,0.59006667137146
0.00029663748645406517,0.07352063979229827,2248.0617795856515,0.016328705474734306,0.02287253551185131,0.005619605537503958
6.026844781752457e-05,0.001211478503345381,1504.2961566396914,0.01635536551475525,0.021882032975554463,0.003265857696533203
0.0001087712672507257,0.0005721626035828959,1037.2344412518446,0.01607147604227066,0.016838746145367622,0.027482032775878903
1.1992482934942051e-05,2.3558897984145844e-05,357.65384121746933,0.01593305729329586,0.8828458189964294,0.6209458112716675
0.07505953581747273,0.0019394588866162984,6825.828042834672,0.00799525249749422,48.05896759033203,0.6540694832801819
0.027098155596675555,0.0003580446831375326,432.2001307401864,0.010882178321480753,35.198612213134766,0.6486294865608215
0.00012872604614329018,0.13774510768812034,3356.9994725785587,0.016569098457694054,0.026175981387495995,0.007206360809504986
0.05424385339872314,1.0974328832551492e-05,1041.4155859817631,0.015842072665691376,5867.0947265625,0.6649267673492432
0.0005369768195914295,0.0017638620115680034,276.2715188533234,0.015665821731090546,0.00946191232651472,0.0011074542999267578
0.003966123666960538,0.003598116016827633,443.5264587646328,0.015558314509689808,0.020808454602956772,0.014391740784049034
0.11697992705701243,0.7777546507581716,6688.170766201707,0.027342531830072403,510.2115478515625,0.6002427935600281
4.411397812326254e-05,8.624649084619721e-05,7373.284323372395,0.01695142686367035,0.6294586062431335,0.5040730834007263
5.241244451529238e-05,3.079892085857511e-05,516.1283743449128,0.015592136420309544,0.8269867300987244,0.6069324016571045
4.8081025589429104e-05,0.3032803876158551,122.05928105634554,0.0146280350163579,0.004799173213541508,0.0004990100860595703
0.0751450525064171,0.7651411497364194,110.21140553437536,0.9994449019432068,0.5909725427627563,0.1565725803375244
0.3706507885279341,0.01339629570976611,5539.244309120083,0.9859709143638612,5.832208156585693,0.6577358245849609
1.900468477215616e-05,9.549615717706132e-05,196.7029752032712,0.015720419585704803,0.542673647403717,0.4886878728866577
0.0001171141889031794,0.5312557135696679,282.2364180784378,0.015644164755940437,0.007124676369130611,0.0006006559124216437
0.04724643211192334,0.0011584541488931868,1680.2570561106586,0.015063443221151829,3145.887451171875,0.5446507930755615
0.013539346545496222,0.5416693389747114,573.8560831242467,0.010919342748820782,17.20947265625,0.594020426273346
0.009887563471848665,0.146843388592847,5507.365567680523,0.012220480479300022,8.194765090942383,0.4925399422645569
0.015947122690312766,0.008752050383849882,225.79825998126427,0.010683861561119556,16.250476837158203,0.6097659468650818
0.010916025977413767,6.497672581765429e-05,1138.6982737678552,0.010536695830523968,15.153423309326172,0.6483141779899597
0.00015604995889178177,0.5137028400548057,139.80288312558034,0.015281363390386105,0.004027919843792915,0.00036160153103992343
0.7856015858884916,3.253788162493695e-05,137.10267325905343,0.9941213726997375,2.5789079666137695,0.6666449904441833
0.04153398067676826,0.09106610064776642,197.06829587192664,0.007286462932825088,376.1742248535156,0.6558846831321716
0.007022827514565289,0.22430775340129452,901.835607854953,0.015516002662479876,0.03479872643947601,0.027115266770124435
0.00030250023800469254,0.3519374278265685,2280.017797409193,0.016349514946341515,0.022400906309485435,0.0051587424241006374
0.018830874729124585,7.459850976116888e-05,148.20721188710817,0.01051517017185688,12.865866661071776,0.6547569632530212
3.609071819254946e-05,1.7905505039805338e-05,475.04712099220205,0.015653250738978386,0.899122416973114,0.6317344903945923
0.161627823437966,2.699309299221837e-05,6850.629128388862,0.9993388652801514,0.007999102585017681,0.6666486859321594
0.321210197291115,5.8689249845870785e-05,461.900952622801,0.9974926710128784,0.307966023683548,0.6666275262832642
0.0002073757241931021,0.03136609175910652,154.50638861489904,0.015323533676564692,0.004407714121043682,0.0004237492976244539
0.0003654070360906054,0.14195449592028334,199.22549251240895,0.015619773417711258,0.006569922436028719,0.0005552768707275391
5.613605239479746e-05,0.08114876976737807,147.36415690292117,0.015504847280681132,0.0054131741635501385,0.0005128383636474609
0.1437692861820157,0.1348959917711329,6425.410067790233,0.9994692206382751,0.024052266031503677,0.5767360329627991
0.029068386839898656,0.0003281963674435064,273.5013286219367,0.011365118436515331,27.83428955078125,0.6357439756393433
0.11998597405392888,0.006230526095599408,3863.373814448578,0.007990903221070766,290935.09375,0.6654927730560303
0.00020901732560055163,3.697725014982037e-05,178.31031234752655,0.015076972544193268,0.7865161299705505,0.5947057008743286
0.009891599029540303,0.0003832580974178831,2116.1186770779573,0.011199583299458029,14.420257568359377,0.5785769820213318
0.0002878126534987285,1.6345482064176832e-05,9996.376202236908,0.016636673361063004,0.957149624824524,0.6371355056762695
0.001609354296976187,0.025667384936076523,6620.269224254436,0.017215736210346222,0.10016623884439468,0.03899582475423813
0.00026452505015495754,0.0005785558520299326,2271.636064879012,0.016109460964798927,0.020828425884246823,0.02580595016479492
0.0004140871498291633,0.8233172102276941,112.1471925959936,0.015339490957558157,0.004642022307962179,0.00031185150146484375
4.264026920527952e-05,0.0003651816939466746,182.9215784197286,0.01539926789700985,0.04394614323973656,0.13145463168621063
0.004703349488248848,0.0016049844891678866,2354.174819733208,0.01586100272834301,0.31974315643310547,0.05329052731394768
0.0012327062866048391,1.1921640693408391e-05,1552.2280728131504,0.015684008598327637,0.937298595905304,0.6459922194480896
0.003921786310209442,3.778561618812318e-05,8711.017344732185,0.01521968748420477,1.983709454536438,0.6044632792472839
0.0004345092108951766,0.010573099996885516,165.14409091041682,0.015456031076610088,0.00611489824950695,0.0004557768697850406
0.015474013832946524,1.5467567525992038e-05,141.68268467209992,0.010364637710154057,12.481253623962402,0.6648863554000854
8.768669734802175e-05,0.4317275868884878,1524.2283680786309,0.01633266545832157,0.02082907408475876,0.0036241214256733656
0.00648273852644709,0.09263357066751549,1930.1925553784477,0.016283124685287476,0.04162450134754181,0.007153113838285208
0.005433724017138878,8.013849651640413e-05,1494.3757055190597,0.01522271428257227,11.933037757873535,0.6044644117355347
0.5454772692649454,0.4195157906612788,6774.280720750998,0.9378166794776917,3.756691932678222,0.3869894742965698
0.003643215133509587,1.222626733911146e-05,248.67085217089064,0.01116462890058756,1.479643940925598,0.6571646928787231
0.05366883911248109,0.0001753595929713085,1435.8493336656245,0.012065496295690536,59.65518569946289,0.6448421478271484
0.0006835655431829085,0.222450012801387,303.58537898776103,0.01573158986866474,0.0114094577729702,0.0013682048302143812
0.030086727182471927,0.0007036985169460028,409.4661769394619,0.010958747938275335,39.10630798339844,0.6406122446060181
0.005595944007500535,0.02840192868902037,4392.092462282815,0.016588835045695305,0.12115054577589036,0.013911406509578228
0.12030903022296352,6.948883748155978e-05,4176.448580196016,0.011896193958818913,439039.15625,0.6662470102310181
5.48711789610805e-05,0.00015754566149253478,247.04781943813805,0.015381949953734876,0.331055611371994,0.3846151828765869
0.0009270373761962876,0.010389724500254516,768.6677881922435,0.015938343480229378,0.017763370648026466,0.004184802528470755
1.0905268959157576e-05,1.149580811310908e-05,3944.8201511335087,0.017594290897250175,1.0702464580535889,0.6439722180366516
0.0020052671138643665,0.04316892587951052,3748.332621341366,0.016677528619766235,0.05635886266827583,0.021061580628156665
0.03355092910018211,0.9757651481453768,1816.489891984362,0.010944141075015068,110.17250061035156,0.6197195053100586
3.287202619770151e-05,0.019877292975411087,2592.8428667081216,0.017031043767929077,0.035266418009996414,0.013888041488826277
0.026344002224579458,0.0004544951431194359,4295.806877987251,0.010993319563567638,35.921085357666016,0.6368011236190796
0.002152809407410267,0.144034622869519,318.2958041828651,0.015980929136276245,0.015148773789405824,0.0030378501396626234
0.0011952992957445989,0.6457010338230988,1937.992199904797,0.016395963728427887,0.03482649847865105,0.012773911468684672
4.9454133184019685e-05,0.0906835553423882,5618.905583096488,0.01733933575451374,0.04566377028822899,0.021672647446393967
4.512644792420069e-05,0.28809579144164904,923.9375017578392,0.016283318400382996,0.02064986154437065,0.002548138378188014
4.9478907867561784e-05,0.000307178476506533,284.08949819320884,0.015948452055454254,0.08413298428058624,0.18690125644207
0.00022674687362050192,2.0079811460935276e-05,2682.5705276604062,0.015838362276554108,0.8869792819023132,0.6274853944778442
0.364265361000736,7.783084104490774e-05,556.2883841048047,0.9964712858200072,0.8884751200675964,0.6666147708892822
0.4567860029660853,3.73496131811589e-05,8414.300877673417,0.49209120869636536,60.34791564941406,0.6666417717933655
5.535293852885558e-05,0.013055011555366676,147.12147207092346,0.015411525964736938,0.005734178237617016,0.0007582505932077765
0.1808243154669024,0.034827722943633135,116.11429616856732,0.9994556307792664,0.008861800655722618,0.6434482336044312
0.37255533731839247,0.00021011913722903297,5795.308859149701,0.9846693873405457,6.275354862213135,0.6665266156196594
1.3455275268697e-05,0.0011641534991143677,335.0306862009827,0.01640128716826439,0.02416054718196392,0.004121065139770508
0.06714887704267813,2.4283597294990175e-05,1152.4425155013482,0.0033702203072607517,1913919.25,0.661638081073761
0.7964411265879363,0.0005284532234607867,3432.135488668093,0.9816258549690248,1.20315682888031,0.6663143634796143
0.05208006647803841,5.092626870781526e-05,4456.99534313821,0.013410830870270727,54482.390625,0.6614879369735718
8.649852478308416e-05,0.12560694068699255,5417.844701070435,0.017010413110256195,0.03569339960813522,0.014293353073298933
0.0037761421303126887,5.090662141804796e-05,9710.128604582183,0.01578543335199356,1.6036951541900637,0.5823452472686768
0.14053743582548703,4.6933482714146215e-05,804.3739299424876,0.9996848106384276,0.004456552676856518,0.6666353940963745
0.03629843741697798,0.06801264243042238,4467.103510838248,0.009409616701304913,2651.917724609375,0.5892511606216431
0.001099823123869777,9.057519384706884e-05,5031.0570109152695,0.016628755256533623,0.6142080426216125,0.4957975745201111
0.038714174524186185,0.007999935530663834,4461.676749389437,0.012906725518405436,268.64404296875,0.6390358805656433
0.6978401486940318,0.006600655238536689,3782.494134594461,0.9788985252380372,1.1663572788238523,0.6622662544250488
0.003586917043051088,0.985182129642268,898.4869687895421,0.016512269154191017,0.0318787507712841,0.00854094885289669
1.8751987612539405e-05,0.002059919496846483,297.47642821631877,0.01625668630003929,0.02036893367767334,0.002753337379544974
0.0333335058012875,0.012068719183798676,143.7256168292625,0.010505815967917442,609.3719482421875,0.6556035876274109
0.0002510463462505499,0.0019295926184448016,171.71123985663297,0.015352148562669754,0.004770343657582998,0.0003154277801513672
0.00014102476511939477,0.21180445264454625,842.1292708600316,0.016014929860830307,0.014369603246450424,0.0014781951904296875
0.009770049545956769,0.019071263386060865,295.60180021722596,0.010690545663237572,16.002235412597656,0.6141449213027954
8.551020055941647e-05,7.044732518816845e-05,286.1825270179617,0.015298591926693916,0.6316899061203003,0.5326767563819885
6.410189225061388e-05,0.005865918359984458,175.25531228228795,0.015651963651180267,0.006310785189270973,0.0005681514739990234
0.12900882643778006,0.006275387140225459,3771.401846360605,0.9995457530021667,0.005140054505318403,0.6624830961227417
0.07638590757835237,6.846049667558841e-05,5591.428674205598,0.008746251463890076,126.02896118164062,0.665104866027832
0.025657022067692836,0.04502410454151722,105.22280501196478,0.012269561178982258,8.152256965637207,0.4724577069282532
0.005983691396637981,0.21599945184743247,265.04603971605894,0.015355200506746767,0.043355416506528854,0.029002031311392784
0.04480438332759552,0.05040893041393581,283.01824931916946,0.014679240062832832,1.2191022634506226,0.20541469752788544
0.0023925305306094495,0.000755471881283379,266.2595863648314,0.015585888177156448,0.011550121009349825,0.005407413002103567
0.6897913423181533,2.266122635864788e-05,997.7721641615314,0.9841155409812928,0.6251484751701355,0.6666516065597534
1.1024036078604608e-05,1.3281430133774038e-05,4862.566754046765,0.01769392378628254,1.0750046968460083,0.6404442191123962
0.008562723736736945,0.0002028665568373261,1680.6641157902095,0.010852578096091747,14.898448944091797,0.611738920211792
0.8127360441989399,3.45376739620131e-05,157.19213348673662,0.9856587052345276,2.477588653564453,0.6666436791419983
0.003626692914897215,0.0009186159509062337,9003.686903749496,0.01682966761291027,0.10737260431051254,0.021078746765851974
0.3247229424302262,0.004217244167923035,349.342767419391,0.9971830248832704,0.35995686054229736,0.6638551950454712
3.892953437490841e-05,0.09990696253939156,2303.7566754062022,0.016779815778136253,0.02980092167854309,0.008763790130615234
0.0011652275845808033,0.19184729179658416,412.837446539155,0.015909971669316292,0.014868797734379768,0.0030294260941445827
0.0024068910311914864,0.00017840079193606374,804.5974488933928,0.015985732898116112,0.3177989721298218,0.36089569330215454
0.004584950887033124,0.27918424495522054,2748.7321506520966,0.01645708829164505,0.11364340782165527,0.01938851736485958
0.000150497145792784,0.13371806636236952,140.15817810826965,0.015337444841861725,0.004188694059848785,0.0004271666402928531
0.43362895791364625,0.0005199636687106382,998.4352041611684,0.12936316430568695,102.3197021484375,0.6663200259208679
1.9101517565950817e-05,0.00832660929143042,1139.2340462138968,0.01682579517364502,0.030900269746780396,0.009755134582519531
0.049603426077906035,0.01823573615751677,3981.1599667896458,0.011421961709856989,882.296142578125,0.5881417989730835
0.0022874735040953726,2.094102233957442e-05,585.7723762679121,0.015659943222999573,0.896526575088501,0.6266118884086609
0.009823475697098594,8.613249874745807e-05,7271.061844376361,0.011373752728104591,11.83851718902588,0.6109386682510376
0.000336857105248719,0.012472687265944565,4004.2718511939033,0.016761058941483498,0.0358390286564827,0.013729333877563477
0.001306635653803767,0.010459105241605536,4432.179750931994,0.01699964888393879,0.07343263179063797,0.029217800125479695
0.0005971087292496522,0.0031475921890383165,1500.188103744276,0.016177844256162643,0.02287939377129078,0.006671111099421978
0.05203161155583023,0.0005171779109819227,6388.066242726957,0.012913867831230164,239.16270446777344,0.5535603165626526
0.000670233421076738,2.032620926127431e-05,1070.6702455719883,0.015817373991012573,0.8812180161476135,0.6269693374633789
0.05170112683926281,1.7159087433605403e-05,2104.1497042391743,0.01109975203871727,2754.09423828125,0.6647398471832275
0.1365904222241821,0.00014619514071100112,586.2770430650384,0.9996912479400636,0.004234505817294121,0.6665692329406738
0.028301036533455025,0.0001547755544743026,137.5001151415467,0.01161239854991436,15.409557342529297,0.6539345979690552
0.1407960135069106,0.029227772410658624,9590.617827965008,0.024227216839790344,1339557.5,0.5445535182952881
4.536392492279645e-05,0.0009676161787575554,917.7677790393902,0.016254296526312828,0.020034965127706528,0.0021414756774902344
0.002375605523923882,0.1159184709908571,129.18435361072665,0.015385856851935388,0.005812307819724083,0.0007985433330759406
0.00013446467313863507,0.002590519241745605,429.8553214160745,0.015789298340678215,0.009519767947494984,0.0008451144094578922
0.006041274633029276,1.4373747916376276e-05,1321.4851543708169,0.013161848299205303,11.479719161987305,0.6572257280349731
0.000985888722568894,0.00581110503000918,301.1797004602823,0.01583004929125309,0.012187044136226175,0.0019277732353657484
0.0026319433827495975,0.020022861794343955,136.23014037904295,0.015173261053860188,0.005563879851251841,0.0002535979147069156
0.003135703903311077,0.008022935726903182,7777.933793272161,0.0167181808501482,0.11707568913698196,0.022673290222883224
0.02489138988923064,0.004446433048023841,583.3739196661351,0.011377072893083096,381.1309509277344,0.5894586443901062
0.009449175189357782,1.8679089315759617e-05,6060.300621685895,0.010806514881551266,18.448644638061523,0.6542139649391174
0.010410309660000634,0.000613324365833231,173.16546886230492,0.010413210839033129,18.68583297729492,0.635513424873352
0.007127108116851425,1.954902731572102e-05,199.6584955172223,0.012649578042328358,14.579139709472656,0.6613878607749939
0.12116022054067148,0.0003244572086348515,3532.3589889030072,0.9995703101158142,0.00476714177057147,0.6664503812789917
0.08377589916588594,0.001784000953899005,154.12985600837698,0.013822450302541256,1610.2073974609375,0.6199122667312622
0.02671118973062093,0.01575689591856259,266.9789662368305,0.011262783780694008,127.67822265625,0.5850167870521545
0.0015273810665735869,0.013834396627743752,515.3020569147408,0.015885833650827408,0.018018770962953568,0.004551251884549856
0.00045522668422397656,0.07569705014873934,1633.2277263082092,0.016210967674851418,0.021432096138596535,0.005119959823787212
0.001136701697853092,0.5759606584400051,4822.3069959930335,0.017076054587960243,0.07611706852912903,0.03056915663182735
0.0013104379273877508,0.35644991038991836,7728.679658941664,0.017297381535172462,0.102919839322567,0.040556907653808594
0.3201012105194781,0.04269509823617964,165.07292517824317,0.9966888427734376,0.3532530963420868,0.6382032632827759
0.16594432205649431,0.001579690325065024,170.39849419801206,0.9994366765022278,0.007848220877349377,0.6656135320663452
1.222711384712464e-05,0.05468021798899168,1838.8625521611289,0.01757248491048813,0.0562250092625618,0.028926929458975792
0.7628855673976268,0.00034271832053995997,1601.563742381861,0.9873428344726562,0.5598379373550415,0.6664382219314575
0.007209458326427356,0.05723281938714578,7598.234298067688,0.016676217317581177,0.1661556363105774,0.01635599136352539
0.3782274587239012,0.1368923819440113,224.4393587381643,0.9939712882041932,1.4502068758010864,0.5754051208496094
0.13060086990705744,3.910350946504205e-05,2363.2178965344956,0.9996171593666076,0.004758679307997227,0.6666406393051147
0.00025564012807993924,0.0007938555147156222,469.8213979619426,0.015718882903456688,0.009578555822372437,0.002349774120375514
0.03150978359485355,2.839434582214148e-05,926.3881179336726,0.01097817812114954,280.5506896972656,0.6614560484886169
2.837207531772277e-05,0.017550185662996116,430.82985570485727,0.01621401496231556,0.01895907334983349,0.0022931895218789577
0.0009839337683016315,0.00861479957096981,232.9874536902892,0.015639524906873703,0.010804996825754642,0.0014394919853657484
0.0030296678305561067,0.002645281045423984,3024.1294143705254,0.016502052545547485,0.06480914354324341,0.013516267761588097
0.022467157191989547,0.0005685444587594836,792.7493540703601,0.01131526380777359,23.79349899291992,0.6088159084320068
0.023758521794322376,0.00972185684201704,9955.560644707442,0.03823906183242798,450.6438903808594,0.5947470664978027
0.028872308195479035,7.353072330567482e-05,191.15490186348256,0.011259500868618488,21.50359535217285,0.662453293800354
0.0009716886954007407,0.0010397196635922213,1639.2765045369003,0.01620885170996189,0.02661142498254776,0.010838111862540243
0.00025504831568834397,0.0009014806106761896,2988.4267802845984,0.016407214105129242,0.023809950798749924,0.003579854965209961
4.599178297605791e-05,0.024017407223518136,8104.468390335408,0.017615048214793205,0.058678388595581055,0.03015979193150997
0.0011322680055254582,0.4088755608033266,3602.1972524558887,0.01690162532031536,0.06265624612569809,0.02506478689610958
0.33308803103766665,0.02767700187492156,760.0731242744665,0.994882345199585,0.9482557773590088,0.6482153534889221
0.21949115025370872,0.03394882084293754,157.64108208340207,0.9987004399299622,0.027324538677930832,0.6440341472625732
0.00011195468951809834,0.07569029078802662,122.42646712944762,0.01536616962403059,0.003964245785027742,0.00048263868666253984
0.002920481512581042,0.00011533372511006336,207.3409684406503,0.012574422173202038,20.599536895751953,0.559104323387146
0.00020728651678810165,0.12382068902508038,333.94446086173264,0.015633782371878624,0.007890814915299416,0.0006926059722900391
7.135708026851536e-05,0.1019219249870888,128.6545024222927,0.015434830449521542,0.0043484969064593315,0.0004963080282323062
0.0010722004102028896,0.03288534009073193,8245.762372139037,0.017323201522231102,0.09648366272449492,0.0388689860701561
0.0011617017638512984,1.6709805847745164e-05,400.243344346322,0.015385117381811142,0.902574062347412,0.6355315446853638
0.026140480351645182,0.24558182203072437,9357.064680180842,0.010392469353973866,35.56233596801758,0.630232036113739
0.00015876789405471045,0.006701002188762652,5622.110218261008,0.016875943168997765,0.03319224715232849,0.012495915405452251
0.0003195941787337398,1.566586073776082e-05,3173.643839765432,0.0159106757491827,0.9190129041671752,0.6386663913726807
0.1332229666790079,6.19213291372085e-05,857.9585090791202,0.9997113943099976,0.004004271235316992,0.6666253805160522
0.08987480292077074,1.4115556860283845e-05,472.79165666623976,0.9995985627174376,0.004052974283695221,0.6666572690010071
0.48965697899397453,6.340709825376946e-05,2600.4438953787485,0.861136257648468,9.475455284118652,0.6666244268417358
2.391923673979354e-05,0.007414611606751675,523.5088238582697,0.0163264237344265,0.02197365090250969,0.002966722007840872
0.00012052727145224848,0.7724907373307931,132.77967343331576,0.015368040651082993,0.003966100979596376,0.0005437533254735172
1.0440452391188927e-05,1.1847331689493603e-05,1258.1064046053823,0.016710810363292694,0.9808443188667296,0.6434282064437866
0.008170746190912806,0.001342737883660158,185.4194853438321,0.01072358712553978,17.852977752685547,0.6066763997077942
0.0003028080787481983,0.005524795530023122,5286.718381879251,0.016881847754120827,0.0391814224421978,0.015831392258405685
0.00015253554664344484,0.0273921088509376,425.39981578132057,0.015809431672096252,0.009359085932374,0.0008177757263183594
0.01357177987896644,0.0006315011064817075,3515.991114697653,0.011229862459003924,13.822065353393556,0.5726304054260254
0.6110206801296271,0.003638663394211977,5756.240754260195,0.9658848643302916,2.1179332733154297,0.6642408967018127
0.31219176723779735,0.0027041589946536462,1484.5345839566814,0.9974151849746704,0.5416960716247559,0.6648639440536499
0.0004619444019963163,0.0004121437423864833,5315.751099174635,0.016696808859705925,0.054567597806453705,0.08604852855205536
0.050176602448632125,5.661761348036144e-05,1834.975488783953,0.01039341650903225,1885.3350830078125,0.6506173610687256
6.266121484077664e-05,0.0023806448838767226,141.67975248982538,0.015503108501434326,0.005262746009975672,0.0006170272827148438
0.03036657556659327,0.0006082977086720823,978.4497009030108,0.010634650476276876,26.62456321716309,0.6619460582733154
0.3201271921969811,0.07290550603640358,527.847614454596,0.9975125789642334,0.2996938228607178,0.6180630326271057
0.00011174578802057038,0.00178832253782146,570.2792157619757,0.015913618728518486,0.011875590309500694,0.0013534228783100843
0.4224022028069656,0.1465118615086893,1111.7454123320651,0.61552894115448,50.7784538269043,0.5689921379089355
0.10970179823805055,0.02278187593510027,5206.586307049831,0.11383511126041412,57406.00390625,0.5890026092529297
0.005022828447822747,0.00016918059271141869,2505.2480170206595,0.015331096947193146,6.562917709350586,0.4912528991699219
0.001407185186417146,0.036224888392058056,215.7735865249675,0.015765968710184097,0.011294674128293993,0.001801093458198011
0.994127524297964,1.2136625342028204e-05,757.3750283044808,0.9756603837013244,6.61189603805542,0.6666585803031921
0.03474575115069418,4.293082109539597e-05,9932.4196479508,0.028018001466989517,7371.34130859375,0.6630773544311523
0.00011282392673568744,0.004449188837390391,5058.963097873549,0.016861289739608765,0.03244714438915253,0.012055953964591026
0.0005860192869883628,0.0029840960641036034,373.5602723713053,0.01587628945708275,0.012069600634276869,0.001531759975478053
2.597373828712064e-05,0.0005981188687732473,6134.240054804168,0.01761406660079956,0.0597226656973362,0.006479581352323294
0.0001900291953338624,2.1993612405399084e-05,7915.888997468393,0.01633540354669094,0.8941879272460938,0.6238613724708557
0.0005548237256427866,0.5876335381691566,1263.7308832178617,0.016120633110404015,0.02016071043908596,0.00455927848815918
0.0003785427170821656,0.2973141777547616,503.2803139928874,0.015875013545155525,0.012226704508066176,0.0014585654716938734
3.587222955846519e-05,0.01962047122260463,542.5837543136766,0.01620550826191902,0.018608588725328445,0.002195517299696803
0.05342926788411173,0.00019730511040694457,2104.5532987000533,0.018073009327054024,1736.2991943359375,0.6477792263031006
0.010742058765252985,0.0003973695720620637,3627.166043068707,0.011490936391055584,21.26233673095703,0.5571057796478271
0.08572715256340059,0.0008924263046639746,4091.3869328072506,0.3024040460586548,57.702392578125,0.65811687707901
5.569859453557149e-05,6.916300615182829e-05,9500.701468434938,0.016970638185739517,0.7040451765060425,0.5348849892616272
7.527056724114234e-05,0.002581009512181779,8485.93224003882,0.017366698011755943,0.04802241548895836,0.02338298223912716
7.690684757285974e-05,2.5554124854372612e-05,418.9563887129728,0.01541039813309908,0.8493189215660095,0.6168556809425354
0.0005861250406482223,0.01632570177994439,733.9827767660165,0.016054147854447365,0.01644294708967209,0.0027860801201313734
0.0004162334577880405,0.0014123695021077663,1290.929965276115,0.016077563166618347,0.018047558143734932,0.003938277717679739
